method,Mom_Norm,Strength_Norm,Breadth_Norm,PutCall_Norm,VIX_Norm,SafeHaven_Norm,JunkBond_Norm,intercept
Equal,0.14285714285714285,0.14285714285714285,0.14285714285714285,0.14285714285714285,0.14285714285714285,0.14285714285714285,0.14285714285714285,0.0
OLS,0.18650131925917218,0.08001628224839591,0.20026319129657913,0.07728663936205694,0.0247780802780872,0.15856063205911167,0.13507635450116512,5.102481518961877
