method,Mom_Norm,Strength_Norm,Breadth_Norm,PutCall_Norm,VIX_Norm,SafeHaven_Norm,JunkBond_Norm,intercept
Equal,0.14285714285714285,0.14285714285714285,0.14285714285714285,0.14285714285714285,0.14285714285714285,0.14285714285714285,0.14285714285714285,0.0
OLS,0.17978010665252037,0.07579860833908683,0.2070637694240509,0.07780635074446278,0.030110057038515742,0.15779897496549422,0.13079665094345966,5.13448200166168
