method,Mom_Norm,Strength_Norm,Breadth_Norm,PutCall_Norm,VIX_Norm,SafeHaven_Norm,JunkBond_Norm,intercept
Equal,0.14285714285714285,0.14285714285714285,0.14285714285714285,0.14285714285714285,0.14285714285714285,0.14285714285714285,0.14285714285714285,0.0
OLS,0.18701901983738756,0.0786105777434344,0.24275210448517245,0.0735626107175402,0.021429852155904348,0.16190547173251787,0.12601995991468704,3.7608494177827008
