method,Mom_Norm,Strength_Norm,Breadth_Norm,PutCall_Norm,VIX_Norm,SafeHaven_Norm,JunkBond_Norm,intercept
Equal,0.14285714285714285,0.14285714285714285,0.14285714285714285,0.14285714285714285,0.14285714285714285,0.14285714285714285,0.14285714285714285,0.0
OLS,0.18848866161608716,0.10409395745744139,0.23779246653073932,0.057550440653233566,0.011954827497379,0.15103867290286171,0.10623854956251177,5.514102295246034
