method,Mom_Norm,Strength_Norm,Breadth_Norm,PutCall_Norm,VIX_Norm,SafeHaven_Norm,JunkBond_Norm,intercept
Equal,0.14285714285714285,0.14285714285714285,0.14285714285714285,0.14285714285714285,0.14285714285714285,0.14285714285714285,0.14285714285714285,0.0
OLS,0.1884887988302144,0.1040939186700285,0.23779245107449673,0.057550500365965,0.011954938240963662,0.1510383368977975,0.10623858885641603,5.514103683677651
