method,Mom_Norm,Strength_Norm,Breadth_Norm,PutCall_Norm,VIX_Norm,SafeHaven_Norm,JunkBond_Norm,intercept
Equal,0.14285714285714285,0.14285714285714285,0.14285714285714285,0.14285714285714285,0.14285714285714285,0.14285714285714285,0.14285714285714285,0.0
OLS,0.1884886957365638,0.10409396360962223,0.23779240159828782,0.05755052511797244,0.011954821814738123,0.15103846863468418,0.10623859580803634,5.51410692684182
