method,Mom_Norm,Strength_Norm,Breadth_Norm,PutCall_Norm,VIX_Norm,SafeHaven_Norm,JunkBond_Norm,intercept
Equal,0.14285714285714285,0.14285714285714285,0.14285714285714285,0.14285714285714285,0.14285714285714285,0.14285714285714285,0.14285714285714285,0.0
OLS,0.18848868666718757,0.10409396837498042,0.23779241808417295,0.05755043640363355,0.011954868679109174,0.1510385323158369,0.10623859603582105,5.5141053029338
