Date,SafeHaven_Norm
1996-01-29,38.83696445454632
1996-01-30,37.795373757783175
1996-01-31,47.888136997406995
1996-02-01,64.45220927733725
1996-02-02,63.605815026692795
1996-02-05,72.95763652241308
1996-02-06,100.0
1996-02-07,100.0
1996-02-08,91.54957078570723
1996-02-09,95.09046381139694
1996-02-12,100.0
1996-02-13,97.71610313728499
1996-02-14,99.86647665911032
1996-02-15,98.90196584397731
1996-02-16,93.5707740027467
1996-02-20,86.80917583603822
1996-02-21,94.104828053533
1996-02-22,94.97227356744533
1996-02-23,99.70818144742161
1996-02-26,96.41981273539176
1996-02-27,91.20741498252488
1996-02-28,91.38722465588589
1996-02-29,82.09618801973495
1996-03-01,62.515239764499185
1996-03-04,55.07811153173262
1996-03-05,57.31129221987733
1996-03-06,54.32127139614527
1996-03-07,58.39162885595427
1996-03-08,48.088094798271975
1996-03-11,55.12618615231398
1996-03-12,53.06201187230337
1996-03-13,69.08577608494019
1996-03-14,69.47593757605844
1996-03-15,73.95296908103779
1996-03-18,79.35092206959041
1996-03-19,72.94913628912745
1996-03-20,55.53881703945481
1996-03-21,42.362067199874
1996-03-22,43.521363868480016
1996-03-25,32.57136935675629
1996-03-26,35.6626043378088
1996-03-27,38.993206605080886
1996-03-28,50.8134669514543
1996-03-29,61.517407214047495
1996-04-01,67.44148658629763
1996-04-02,58.191789749876406
1996-04-03,62.37986794024326
1996-04-04,64.99500229509835
1996-04-08,73.97079787749767
1996-04-09,65.55497116500382
1996-04-10,69.3285026436442
1996-04-11,55.808470870209455
1996-04-12,49.264065364323294
1996-04-15,43.77149349891804
1996-04-16,45.5029516126237
1996-04-17,46.891959669179016
1996-04-18,68.98075304119753
1996-04-19,71.09154175587649
1996-04-22,74.15822845795509
1996-04-23,96.72005821515214
1996-04-24,100.0
1996-04-25,99.69848131320879
1996-04-26,96.4329618887219
1996-04-29,100.0
1996-04-30,98.64818610198839
1996-05-01,100.0
1996-05-02,91.61050981469862
1996-05-03,93.0525864946977
1996-05-06,89.69554347934297
1996-05-07,88.27407533521558
1996-05-08,85.82418378864224
1996-05-09,92.95311580174757
1996-05-10,100.0
1996-05-13,100.0
1996-05-14,100.0
1996-05-15,100.0
1996-05-16,95.64048100770918
1996-05-17,95.30609690926124
1996-05-20,90.73654288103435
1996-05-21,80.56935113862164
1996-05-22,73.67915336639157
1996-05-23,72.57742064233156
1996-05-24,69.855379059017
1996-05-28,62.15429670195002
1996-05-29,58.980734223074684
1996-05-30,58.122556174882234
1996-05-31,69.019906058452
1996-06-03,61.46129240479097
1996-06-04,63.82814128568595
1996-06-05,66.98459909368457
1996-06-06,57.32965004299397
1996-06-07,59.102912516558085
1996-06-10,54.66481600550194
1996-06-11,46.46048936277558
1996-06-12,46.67404538450476
1996-06-13,40.64303276527085
1996-06-14,26.51712554635376
1996-06-17,22.931243686306424
1996-06-18,8.237008118102246
1996-06-19,8.944668127466635
1996-06-20,2.7647380135439406
1996-06-21,4.140681557403589
1996-06-24,8.66305568200221
1996-06-25,7.301396671268137
1996-06-26,0.0
1996-06-27,0.0
1996-06-28,0.0
1996-07-01,7.087106204019442
1996-07-02,4.206881137988468
1996-07-03,0.0
1996-07-05,6.562553617437686
1996-07-08,0.0
1996-07-09,0.0
1996-07-10,0.0
1996-07-11,0.0
1996-07-12,0.0
1996-07-15,0.0
1996-07-16,0.0
1996-07-17,0.0
1996-07-18,0.0
1996-07-19,0.0
1996-07-22,0.0
1996-07-23,0.0
1996-07-24,0.0
1996-07-25,0.0
1996-07-26,0.0
1996-07-29,0.0
1996-07-30,0.0
1996-07-31,0.0
1996-08-01,0.0
1996-08-02,8.24449640502295
1996-08-05,11.240307968630653
1996-08-06,15.28672163988832
1996-08-07,29.006713980681212
1996-08-08,45.27516716611233
1996-08-09,46.1030593305985
1996-08-12,68.18692481303512
1996-08-13,69.92886681760596
1996-08-14,54.882213874662874
1996-08-15,49.050183983038416
1996-08-16,51.44986635669697
1996-08-19,57.407980351183205
1996-08-20,72.69385627009132
1996-08-21,76.93329849107184
1996-08-22,74.56241781269563
1996-08-23,68.0606376099316
1996-08-26,73.56735153309825
1996-08-27,76.04244457945262
1996-08-28,79.91311820627601
1996-08-29,72.18681311177082
1996-08-30,61.2296359721755
1996-09-03,62.18662834871799
1996-09-04,58.82619459049112
1996-09-05,46.36278534566346
1996-09-06,52.53604379308953
1996-09-09,57.596957341735795
1996-09-10,58.50379166774303
1996-09-11,64.02540607847457
1996-09-12,65.01196946391424
1996-09-13,69.58147269466494
1996-09-16,74.19539627742137
1996-09-17,82.16003336287648
1996-09-18,86.95173104448958
1996-09-19,88.24672053757371
1996-09-20,82.44732315591801
1996-09-23,75.75242048043538
1996-09-24,75.17936438749884
1996-09-25,73.01560828370631
1996-09-26,69.94775583670713
1996-09-27,74.27229377410916
1996-09-30,72.48545178925234
1996-10-01,68.9324819251448
1996-10-02,72.90008324183744
1996-10-03,78.66578551834704
1996-10-04,76.196693516901
1996-10-07,76.14015588588478
1996-10-08,70.07206527174178
1996-10-09,67.24762987149593
1996-10-10,64.6006299857235
1996-10-11,60.828527012917235
1996-10-14,61.97395406996974
1996-10-15,55.55127992807724
1996-10-16,51.16452295492423
1996-10-17,41.36434644060133
1996-10-18,38.6568179642195
1996-10-21,40.81022996791452
1996-10-22,34.372263998284446
1996-10-23,35.342145278752994
1996-10-24,35.640957178207394
1996-10-25,30.608810066380638
1996-10-28,31.902149642378518
1996-10-29,25.36859911876288
1996-10-30,22.060796287134803
1996-10-31,26.245267112474426
1996-11-01,24.399323220362458
1996-11-04,20.320781719394738
1996-11-05,26.171124840013942
1996-11-06,34.473002378635854
1996-11-07,35.01101952676909
1996-11-08,34.72051365654164
1996-11-11,33.4297717013948
1996-11-12,27.8491378745744
1996-11-13,33.40343511388707
1996-11-14,41.28072022910145
1996-11-15,38.31098318714032
1996-11-18,37.839693751859684
1996-11-19,46.91813140186276
1996-11-20,44.29144645195085
1996-11-21,41.04780933099575
1996-11-22,51.631318250447194
1996-11-25,56.499037875575596
1996-11-26,68.61296093323648
1996-11-27,69.84462649335212
1996-11-29,63.27819446357431
1996-12-02,66.41579612754114
1996-12-03,67.28373444264402
1996-12-04,65.87969221709785
1996-12-05,61.603779576289426
1996-12-06,55.21258433894737
1996-12-09,63.197244210456994
1996-12-10,59.66304025245368
1996-12-11,67.9296198210607
1996-12-12,60.62436760312289
1996-12-13,50.781106607165015
1996-12-16,44.50876592752241
1996-12-17,50.70492009884141
1996-12-18,57.72723084112034
1996-12-19,58.65203231736059
1996-12-20,58.519589976692046
1996-12-23,47.088035166904774
1996-12-24,49.080012084913804
1996-12-26,51.25212986204542
1996-12-27,45.49750711542417
1996-12-30,47.11429930945187
1996-12-31,45.633993896398806
1997-01-02,44.63611556137435
1997-01-03,56.618002530154946
1997-01-06,55.62560853311076
1997-01-07,65.16336910327523
1997-01-08,51.831262087668584
1997-01-09,53.288306285990295
1997-01-10,56.32050942502488
1997-01-13,59.57303672606871
1997-01-14,72.01393529095482
1997-01-15,75.89722322002177
1997-01-16,76.98201941808396
1997-01-17,70.11773801660993
1997-01-20,75.23428022820394
1997-01-21,83.12413678813506
1997-01-22,93.36306946517107
1997-01-23,85.58506865271971
1997-01-24,76.91397180340095
1997-01-27,76.184337666765
1997-01-28,77.36461175679031
1997-01-29,75.3432391267352
1997-01-30,82.74106899177242
1997-01-31,67.80308000767664
1997-02-03,60.75089386224275
1997-02-04,53.55034153342001
1997-02-05,45.923465347926005
1997-02-06,45.26438738043891
1997-02-07,41.482188532470026
1997-02-10,32.992838760495076
1997-02-11,28.20822365058394
1997-02-12,45.341307122193356
1997-02-13,43.49306132737071
1997-02-14,37.17304343468572
1997-02-18,30.73851610113459
1997-02-19,27.113152835121458
1997-02-20,16.37353200640556
1997-02-21,13.344368716122254
1997-02-24,23.710316014612566
1997-02-25,28.293042832560907
1997-02-26,30.79987461590282
1997-02-27,18.958477873899994
1997-02-28,10.219078052071538
1997-03-03,13.633374497011815
1997-03-04,20.960025782418
1997-03-05,27.23102312512226
1997-03-06,31.759091434017062
1997-03-07,28.952847947227898
1997-03-10,31.057162870601903
1997-03-11,37.687525184636684
1997-03-12,34.5197303256133
1997-03-13,22.271029454043045
1997-03-14,19.201459466144318
1997-03-17,17.283127588626286
1997-03-18,13.328756789469324
1997-03-19,5.482808484983188
1997-03-20,15.016386467625317
1997-03-21,18.569642617251077
1997-03-24,8.359234616627234
1997-03-25,10.314234367255985
1997-03-26,18.66544769086886
1997-03-27,24.81156547371447
1997-03-31,13.385547527762569
1997-04-01,9.665017823116528
1997-04-02,0.0
1997-04-03,0.5353211958875406
1997-04-04,16.317728895438137
1997-04-07,23.795641703218283
1997-04-08,23.139930106008173
1997-04-09,22.300499079989134
1997-04-10,20.67960946899537
1997-04-11,12.10648757304152
1997-04-14,16.82321330210332
1997-04-15,17.6436742474125
1997-04-16,21.174514450674575
1997-04-17,30.72064041574861
1997-04-18,27.92882302980241
1997-04-21,22.744423382213082
1997-04-22,31.25737643672367
1997-04-23,35.691552783990694
1997-04-24,27.492958720397905
1997-04-25,24.477667761812082
1997-04-28,42.48386425167942
1997-04-29,52.08107515689588
1997-04-30,62.93457750183888
1997-05-01,60.789172951822096
1997-05-02,63.26471531442099
1997-05-05,72.65013751476295
1997-05-06,64.19706287435378
1997-05-07,67.51932320720019
1997-05-08,75.99104598249302
1997-05-09,87.6224327109133
1997-05-12,86.86731378658502
1997-05-13,88.02478234022462
1997-05-14,88.41928989141621
1997-05-15,93.30090084955094
1997-05-16,86.59369889908699
1997-05-19,94.94629043572212
1997-05-20,100.0
1997-05-21,97.24355508900061
1997-05-22,95.52685548262602
1997-05-23,100.0
1997-05-27,100.0
1997-05-28,100.0
1997-05-29,100.0
1997-05-30,90.42434012260554
1997-06-02,77.72674243027663
1997-06-03,55.5232597322406
1997-06-04,57.806436568615
1997-06-05,61.8802181222337
1997-06-06,62.826414057985126
1997-06-09,66.78420268037921
1997-06-10,59.755456078933534
1997-06-11,64.7185693265903
1997-06-12,64.23103962256856
1997-06-13,61.003785177372535
1997-06-16,67.41050204132313
1997-06-17,72.33522232679991
1997-06-18,59.437142033255654
1997-06-19,60.04088654035674
1997-06-20,58.501257020761145
1997-06-23,48.87728228036486
1997-06-24,47.20663180820904
1997-06-25,45.68004865679166
1997-06-26,46.818621095071514
1997-06-27,52.2599108578039
1997-06-30,50.93160608022544
1997-07-01,56.54504434440663
1997-07-02,63.95336513300057
1997-07-03,61.92218140802082
1997-07-07,58.98547278361738
1997-07-08,60.48353287678988
1997-07-09,64.08061727839667
1997-07-10,63.37338768427577
1997-07-11,67.88655307400344
1997-07-14,72.65301856704086
1997-07-15,76.78956355654769
1997-07-16,84.11855565731786
1997-07-17,84.00856141144287
1997-07-18,71.89491045252447
1997-07-21,69.25164040572768
1997-07-22,80.50547705889379
1997-07-23,74.47592973570426
1997-07-24,76.97573468537153
1997-07-25,80.5037523741309
1997-07-28,78.18219160914084
1997-07-29,79.46773357381437
1997-07-30,87.02728796811621
1997-07-31,79.5639332733694
1997-08-01,82.04427438588647
1997-08-04,86.10831515476258
1997-08-05,85.65050551054175
1997-08-06,88.00583182977233
1997-08-07,84.61400659651449
1997-08-08,75.93353546500686
1997-08-11,62.956835735408234
1997-08-12,53.72998388415048
1997-08-13,43.90870929467964
1997-08-14,47.89310047767551
1997-08-15,45.30975436674013
1997-08-18,50.30325516853938
1997-08-19,53.73665012057694
1997-08-20,63.05387997391358
1997-08-21,56.07395432889683
1997-08-22,54.06458413168818
1997-08-25,57.96806980007615
1997-08-26,53.135280663661256
1997-08-27,50.347131350327274
1997-08-28,45.55284932861738
1997-08-29,41.275767430936504
1997-09-02,46.09786268430405
1997-09-03,41.556110927365765
1997-09-04,41.77842937316455
1997-09-05,47.28248616548599
1997-09-08,54.20278234685937
1997-09-09,62.584667370781645
1997-09-10,60.62767657072946
1997-09-11,59.384094144087726
1997-09-12,60.79788702407877
1997-09-15,64.41852478059916
1997-09-16,69.83642030971231
1997-09-17,58.55237355047918
1997-09-18,49.5306943817931
1997-09-19,58.76008619165654
1997-09-22,62.05145984484544
1997-09-23,64.06598945522498
1997-09-24,63.34738724755117
1997-09-25,60.654564969408014
1997-09-26,68.01652104857321
1997-09-29,71.72571624365148
1997-09-30,57.275183089973254
1997-10-01,56.641287670686
1997-10-02,56.79847397449697
1997-10-03,56.78194345537105
1997-10-06,54.95135320601713
1997-10-07,55.60221448036824
1997-10-08,65.55325329464874
1997-10-09,66.05447618921114
1997-10-10,64.1865324820554
1997-10-13,70.42447970811608
1997-10-14,58.25387635619303
1997-10-15,56.93729367837968
1997-10-16,48.332120638874066
1997-10-17,36.32381637949513
1997-10-20,40.25383360381298
1997-10-21,45.1464784547147
1997-10-22,47.33622076848241
1997-10-23,34.979014380208866
1997-10-24,27.095762187116737
1997-10-27,0.0
1997-10-28,13.311358954839228
1997-10-29,12.544124278922112
1997-10-30,0.0
1997-10-31,0.0
1997-11-03,11.231818727827267
1997-11-04,9.432316598892434
1997-11-05,6.329044806044003
1997-11-06,0.4686907463201706
1997-11-07,0.0
1997-11-10,0.0
1997-11-11,0.0
1997-11-12,0.0
1997-11-13,0.0
1997-11-14,9.553896657831743
1997-11-17,12.974401197666573
1997-11-18,1.758217195216993
1997-11-19,3.404080551828528
1997-11-20,23.425532710153675
1997-11-21,28.08608087781025
1997-11-24,58.55512928523534
1997-11-25,33.710651261616874
1997-11-26,36.88141199991402
1997-11-28,48.16725498112526
1997-12-01,53.16341097180854
1997-12-02,32.80070484641952
1997-12-03,32.77573338547544
1997-12-04,30.92621264035752
1997-12-05,44.00477558044463
1997-12-08,57.22037627885335
1997-12-09,50.88182707786645
1997-12-10,43.92343246992886
1997-12-11,44.22382578178784
1997-12-12,30.807938773845997
1997-12-15,24.306726178263848
1997-12-16,20.338820918393942
1997-12-17,23.61775777276974
1997-12-18,15.64971988909398
1997-12-19,7.212780727503905
1997-12-22,11.672761494750887
1997-12-23,14.758441960763363
1997-12-24,11.088631676017577
1997-12-26,12.770159949816396
1997-12-29,21.884602158974953
1997-12-30,22.86040742790261
1997-12-31,27.53734752360591
1998-01-02,27.41331952425278
1998-01-05,27.58022140040191
1998-01-06,15.108675053093599
1998-01-07,4.73266981624748
1998-01-08,9.416903532327503
1998-01-09,0.27722571489933756
1998-01-12,15.03940808061376
1998-01-13,34.6156869658926
1998-01-14,36.828733709009626
1998-01-15,31.60816178466591
1998-01-16,38.70511675768068
1998-01-20,56.84989965473367
1998-01-21,56.50967495841562
1998-01-22,50.485892699040484
1998-01-23,60.71670008032015
1998-01-26,58.14760786613202
1998-01-27,61.09961290755713
1998-01-28,62.0703882349807
1998-01-29,51.255398680216956
1998-01-30,50.13704559516967
1998-02-02,59.587777154020884
1998-02-03,63.74556561101328
1998-02-04,73.00579635990175
1998-02-05,78.00357225322233
1998-02-06,87.6535271750763
1998-02-09,100.0
1998-02-10,100.0
1998-02-11,96.27914871940746
1998-02-12,94.21779089114182
1998-02-13,93.50888357736017
1998-02-17,83.35542665902821
1998-02-18,78.55998707451366
1998-02-19,83.534179519486
1998-02-20,87.58213128236952
1998-02-23,92.62533722397063
1998-02-24,97.87827728427402
1998-02-25,97.13646150779671
1998-02-26,90.57294011891571
1998-02-27,85.80476449177735
1998-03-02,87.66047825193722
1998-03-03,77.24596624613395
1998-03-04,73.43322457324341
1998-03-05,56.31553175776808
1998-03-06,66.783217519886
1998-03-09,52.526479024384216
1998-03-10,58.80708730553589
1998-03-11,55.795789781710525
1998-03-12,57.48672870380117
1998-03-13,58.8183123574704
1998-03-16,63.60634881595793
1998-03-17,64.93209191714725
1998-03-18,63.01089478111557
1998-03-19,62.97638062388354
1998-03-20,59.24382883253365
1998-03-23,52.244147927765496
1998-03-24,58.114338671323594
1998-03-25,57.12615462975922
1998-03-26,55.262115435834055
1998-03-27,59.221241063382564
1998-03-30,59.88450010667478
1998-03-31,59.716545356105165
1998-04-01,61.30432668550209
1998-04-02,74.71400118595177
1998-04-03,61.977272744223534
1998-04-06,65.22220452681835
1998-04-07,51.289079655256984
1998-04-08,53.00489696787605
1998-04-09,56.31502006618574
1998-04-13,57.230427087577276
1998-04-14,57.48202748453638
1998-04-15,63.89238915682249
1998-04-16,59.19696419273585
1998-04-17,57.77604941868282
1998-04-20,67.8721790683121
1998-04-21,72.19374571765879
1998-04-22,70.30927844045867
1998-04-23,56.43817050680528
1998-04-24,50.90248688035681
1998-04-27,42.346269186550046
1998-04-28,45.7856911894986
1998-04-29,50.79401996209796
1998-04-30,47.50895200826903
1998-05-01,48.81918236055311
1998-05-04,51.84973564565969
1998-05-05,54.768169645004036
1998-05-06,59.54007150120809
1998-05-07,50.28288266446284
1998-05-08,55.40339066093603
1998-05-11,49.939446760905916
1998-05-12,47.03888320556693
1998-05-13,43.836368100177054
1998-05-14,45.91712910083889
1998-05-15,39.43038245304264
1998-05-18,27.643139008780164
1998-05-19,26.76807588552668
1998-05-20,18.545003708780065
1998-05-21,25.731666181940614
1998-05-22,25.256744388520257
1998-05-26,25.644526954803837
1998-05-27,23.11155454851299
1998-05-28,21.69114625220814
1998-05-29,16.688658602900006
1998-06-01,6.466424231547272
1998-06-02,10.128383090702982
1998-06-03,8.228620058757336
1998-06-04,19.339987847882647
1998-06-05,27.750993312565406
1998-06-08,20.88130848073832
1998-06-09,26.118611414564278
1998-06-10,16.585594221897388
1998-06-11,7.489555381147262
1998-06-12,6.2453433798503255
1998-06-15,2.059468401215078
1998-06-16,18.614530778709486
1998-06-17,22.882973060385698
1998-06-18,25.89428688845521
1998-06-19,29.019646126611747
1998-06-22,39.08187770665498
1998-06-23,58.35705063723981
1998-06-24,67.19696034083006
1998-06-25,59.50598422898958
1998-06-26,67.90931245863868
1998-06-29,83.74352989898742
1998-06-30,76.57974381371079
1998-07-01,87.10311135246585
1998-07-02,71.98347724467308
1998-07-06,72.32291593609946
1998-07-07,70.93710994454221
1998-07-08,74.85512056160273
1998-07-09,84.82691495147732
1998-07-10,94.9163706262602
1998-07-13,100.0
1998-07-14,100.0
1998-07-15,100.0
1998-07-16,100.0
1998-07-17,100.0
1998-07-20,100.0
1998-07-21,86.58684609746294
1998-07-22,73.42875863757749
1998-07-23,54.29015188260603
1998-07-24,56.562914228240516
1998-07-27,56.28387493674537
1998-07-28,41.22757142218072
1998-07-29,39.97771936957761
1998-07-30,44.6567844278427
1998-07-31,35.433986190870655
1998-08-03,24.800903167885597
1998-08-04,6.521330488000473
1998-08-05,0.2144661313367635
1998-08-06,11.337891056728438
1998-08-07,13.736282753803295
1998-08-10,5.193070845955852
1998-08-11,0.0
1998-08-12,0.0
1998-08-13,0.0
1998-08-14,0.0
1998-08-17,0.0
1998-08-18,8.094947813617118
1998-08-19,7.425482788718206
1998-08-20,12.197005010376813
1998-08-21,2.5434919221727768
1998-08-24,0.1906708235821597
1998-08-25,9.030678159188774
1998-08-26,3.04922924499958
1998-08-27,0.0
1998-08-28,0.0
1998-08-31,0.0
1998-09-01,0.0
1998-09-02,0.0
1998-09-03,0.0
1998-09-04,0.0
1998-09-08,0.0
1998-09-09,0.0
1998-09-10,0.0
1998-09-11,0.0
1998-09-14,1.5659409653869574
1998-09-15,0.0
1998-09-16,0.0
1998-09-17,0.0
1998-09-18,0.0
1998-09-21,3.272807845440539
1998-09-22,10.613257077348685
1998-09-23,23.37630967984243
1998-09-24,21.020879627535642
1998-09-25,47.540313586150795
1998-09-28,59.24932696841752
1998-09-29,100.0
1998-09-30,62.41929810480098
1998-10-01,32.85366655005165
1998-10-02,40.89948553821836
1998-10-05,18.81401764131328
1998-10-06,0.0
1998-10-07,0.0
1998-10-08,1.0740301596842698
1998-10-09,10.06019775618914
1998-10-12,17.340946947204685
1998-10-13,4.605622709330262
1998-10-14,6.58685702119967
1998-10-15,32.24682421704434
1998-10-16,32.73640671461655
1998-10-19,35.95397943777729
1998-10-20,29.93047434602065
1998-10-21,26.422411590553487
1998-10-22,44.31839486715533
1998-10-23,39.038491356361675
1998-10-26,47.00090186350249
1998-10-27,44.27709457571651
1998-10-28,63.00671813249521
1998-10-29,90.529115346281
1998-10-30,93.0597096328872
1998-11-02,100.0
1998-11-03,100.0
1998-11-04,100.0
1998-11-05,100.0
1998-11-06,100.0
1998-11-09,100.0
1998-11-10,100.0
1998-11-11,100.0
1998-11-12,100.0
1998-11-13,100.0
1998-11-16,99.37457552489937
1998-11-17,100.0
1998-11-18,97.91753720194262
1998-11-19,95.06037828319572
1998-11-20,96.78781762483206
1998-11-23,99.68565199960466
1998-11-24,100.0
1998-11-25,100.0
1998-11-27,100.0
1998-11-30,82.6112187344732
1998-12-01,82.66478402881233
1998-12-02,82.36063975701008
1998-12-03,64.67140022568697
1998-12-04,72.47118306970438
1998-12-07,74.49969154364183
1998-12-08,72.43412522817391
1998-12-09,74.07982407953499
1998-12-10,67.98920356892236
1998-12-11,75.26258364628059
1998-12-14,62.475821034859585
1998-12-15,69.21258139542749
1998-12-16,63.92167161091057
1998-12-17,66.84347730090593
1998-12-18,70.12974418384478
1998-12-21,79.66188432862342
1998-12-22,67.93507882730789
1998-12-23,80.73836512268889
1998-12-24,76.82401782846821
1998-12-28,72.6061102877435
1998-12-29,87.49945208595823
1998-12-30,74.6759307913663
1998-12-31,80.52835075243462
1999-01-04,91.3142323228136
1999-01-05,89.1003827670381
1999-01-06,91.70768636336402
1999-01-07,95.32268728431157
1999-01-08,98.16479492956029
1999-01-11,100.0
1999-01-12,95.80069519720261
1999-01-13,100.0
1999-01-14,87.91732352057811
1999-01-15,100.0
1999-01-19,100.0
1999-01-20,99.28285094071485
1999-01-21,76.62862805206294
1999-01-22,76.24383266953167
1999-01-25,70.71474842131587
1999-01-26,81.41900553873678
1999-01-27,75.36929955457362
1999-01-28,86.83572125356558
1999-01-29,92.28715025216218
1999-02-01,91.37943524683467
1999-02-02,82.33508480377952
1999-02-03,79.6013304907574
1999-02-04,58.75214240862515
1999-02-05,53.15594981665377
1999-02-08,52.83915913882162
1999-02-09,33.12037237850911
1999-02-10,43.12690804827332
1999-02-11,58.366581915302206
1999-02-12,56.69309693065167
1999-02-16,43.70694213626471
1999-02-17,25.74150558598955
1999-02-18,26.443282535221933
1999-02-19,40.61610480594844
1999-02-22,49.794277042737995
1999-02-23,51.17303278688814
1999-02-24,38.45765468700684
1999-02-25,42.807388025819115
1999-02-26,27.045181492387865
1999-03-01,28.398967421325057
1999-03-02,20.91969014739652
1999-03-03,26.74826102086126
1999-03-04,26.513995455199886
1999-03-05,40.52784288504024
1999-03-08,52.214451194939436
1999-03-09,46.06428024900545
1999-03-10,62.28899415663692
1999-03-11,63.02546021952958
1999-03-12,44.32462465672563
1999-03-15,59.98169209521863
1999-03-16,61.91344401510872
1999-03-17,71.48157066111153
1999-03-18,73.29143304756097
1999-03-19,63.96212054294993
1999-03-22,53.521776252618665
1999-03-23,37.089760217257286
1999-03-24,45.92793494929825
1999-03-25,56.23676074476596
1999-03-26,61.540000507526926
1999-03-29,69.69445616350694
1999-03-30,72.87759562663516
1999-03-31,68.06220529331088
1999-04-01,68.24807786854768
1999-04-05,70.48192484648976
1999-04-06,61.130459824335865
1999-04-07,60.728316736622254
1999-04-08,59.973601358789246
1999-04-09,61.99657901005284
1999-04-12,68.22594317843982
1999-04-13,59.91757830973593
1999-04-14,49.3386389919108
1999-04-15,53.00921625945384
1999-04-16,44.385317450820764
1999-04-19,29.37089537287127
1999-04-20,40.35803766070683
1999-04-21,62.4225585268966
1999-04-22,68.30150579003008
1999-04-23,61.04012651039652
1999-04-26,71.33302950189032
1999-04-27,52.71764513356552
1999-04-28,49.661053410295104
1999-04-29,48.800018173383165
1999-04-30,46.9513235316473
1999-05-03,38.76891548301427
1999-05-04,33.72623992014161
1999-05-05,42.2460882112026
1999-05-06,34.514151762611704
1999-05-07,36.45994109306096
1999-05-10,38.09132293399846
1999-05-11,45.535206800167984
1999-05-12,60.23091262374158
1999-05-13,52.61560040132481
1999-05-14,53.05740070096196
1999-05-17,79.302092938382
1999-05-18,69.79752023908054
1999-05-19,60.2083361336735
1999-05-20,44.46340585086772
1999-05-21,37.063561156459514
1999-05-24,21.645994610789423
1999-05-25,18.93725841385724
1999-05-26,31.29261158988849
1999-05-27,35.81977966657188
1999-05-28,37.988768906220166
1999-06-01,33.77511021893391
1999-06-02,42.73751995591428
1999-06-03,32.54908876120155
1999-06-04,48.86070544088167
1999-06-07,50.18699733613301
1999-06-08,41.5271787520408
1999-06-09,41.96662723317596
1999-06-10,33.468506917420555
1999-06-11,35.19708068919022
1999-06-14,31.798819956495944
1999-06-15,28.854852178295022
1999-06-16,41.851212405755746
1999-06-17,40.96216868892659
1999-06-18,49.026360595874685
1999-06-21,63.02918748751662
1999-06-22,66.2688668609963
1999-06-23,80.66517352492741
1999-06-24,67.31529065025063
1999-06-25,66.38228384427742
1999-06-28,66.44223646416489
1999-06-29,77.20924436296856
1999-06-30,75.8813963121956
1999-07-01,83.93293830758884
1999-07-02,76.89963518554634
1999-07-06,70.59141671256756
1999-07-07,78.55158905084473
1999-07-08,73.84955342354763
1999-07-09,81.02368641080596
1999-07-12,82.92488051998103
1999-07-13,88.8681877500928
1999-07-14,92.50569950657578
1999-07-15,79.8506323553456
1999-07-16,81.4287869452071
1999-07-19,73.01768973196967
1999-07-20,50.071920547420426
1999-07-21,60.09004819236114
1999-07-22,48.91299245375008
1999-07-23,56.10552045057975
1999-07-26,47.882948906396194
1999-07-27,49.062634946468464
1999-07-28,48.27153682993362
1999-07-29,39.88334872730027
1999-07-30,35.71293372091867
1999-08-02,30.57151256740563
1999-08-03,26.570629246273477
1999-08-04,19.623321276325363
1999-08-05,19.327427838626544
1999-08-06,17.89938230537164
1999-08-09,18.334369069550217
1999-08-10,16.993214670878352
1999-08-11,20.400218382754986
1999-08-12,16.52502448349248
1999-08-13,23.121548270123256
1999-08-16,27.644763230910044
1999-08-17,40.394764625435926
1999-08-18,34.825873791684245
1999-08-19,37.936046308005004
1999-08-20,39.037148002617286
1999-08-23,56.46478256614516
1999-08-24,52.86754104767022
1999-08-25,53.799475323094725
1999-08-26,57.42328366794672
1999-08-27,58.58338181071078
1999-08-30,56.333725782870616
1999-08-31,62.274240527010534
1999-09-01,70.4737111589915
1999-09-02,66.67060423053309
1999-09-03,77.80596542243825
1999-09-07,80.452740157955
1999-09-08,79.91661583288003
1999-09-09,75.94366441747022
1999-09-10,81.50495729584254
1999-09-13,65.6966969316186
1999-09-14,68.79401983959093
1999-09-15,59.82174842004146
1999-09-16,60.33047342531365
1999-09-17,71.76097109716231
1999-09-20,71.06695200267036
1999-09-21,54.220505939851634
1999-09-22,55.19567398906845
1999-09-23,37.12638101318652
1999-09-24,37.43039629056595
1999-09-27,41.43227996607736
1999-09-28,45.34043000210309
1999-09-29,42.06823872244208
1999-09-30,39.742646382883734
1999-10-01,41.549437295126474
1999-10-04,37.517047644280275
1999-10-05,38.93019501631135
1999-10-06,49.65346192207714
1999-10-07,44.177596315212284
1999-10-08,44.1046223678273
1999-10-11,52.19969391655945
1999-10-12,44.354948647312284
1999-10-13,44.00923308476284
1999-10-14,46.74591388766992
1999-10-15,30.44492419159007
1999-10-18,24.345692352076565
1999-10-19,31.46046404246432
1999-10-20,39.01974836855863
1999-10-21,54.13954322135406
1999-10-22,59.06014726228038
1999-10-25,55.22440241892491
1999-10-26,54.71791177991952
1999-10-27,54.23508037990199
1999-10-28,62.36010937603039
1999-10-29,68.75095690128592
1999-11-01,62.700334245164356
1999-11-02,61.9047071922431
1999-11-03,59.2728076138455
1999-11-04,61.257743526417386
1999-11-05,62.65431861171095
1999-11-08,64.33184797396854
1999-11-09,66.77292908879413
1999-11-10,78.89104481966305
1999-11-11,82.18465678194444
1999-11-12,95.34602810090496
1999-11-15,100.0
1999-11-16,100.0
1999-11-17,92.40694348988355
1999-11-18,99.54243202892762
1999-11-19,99.80853862928129
1999-11-22,100.0
1999-11-23,96.57656916914036
1999-11-24,100.0
1999-11-26,100.0
1999-11-29,92.24169888168612
1999-11-30,80.10029452976838
1999-12-01,81.09844594534192
1999-12-02,86.65619664956822
1999-12-03,90.20590800458231
1999-12-06,87.4957544228402
1999-12-07,85.46700225512022
1999-12-08,87.98160692613193
1999-12-09,84.23755370084744
1999-12-10,81.16768961983254
1999-12-13,83.27949417774278
1999-12-14,76.81843592056178
1999-12-15,74.13005652069042
1999-12-16,85.2316530374987
1999-12-17,80.1602774285579
1999-12-20,81.4862552457561
1999-12-21,90.5179860134169
1999-12-22,98.2585305693996
1999-12-23,92.70747833488204
1999-12-27,89.34280447851938
1999-12-28,90.70993435639477
1999-12-29,100.0
1999-12-30,100.0
1999-12-31,95.39957592968628
2000-01-03,95.9451610307716
2000-01-04,73.11388833192568
2000-01-05,69.24913220641425
2000-01-06,55.378344439497106
2000-01-07,67.12579316151904
2000-01-10,80.43368409588749
2000-01-11,67.33425077217575
2000-01-12,67.66252036029184
2000-01-13,69.96892815637095
2000-01-14,70.04178238666533
2000-01-18,72.8801607561641
2000-01-19,70.2587233479596
2000-01-20,62.64269808680271
2000-01-21,63.68182912509505
2000-01-24,48.86072384113209
2000-01-25,54.43058863910386
2000-01-26,46.638325793603926
2000-01-27,39.929774948504125
2000-01-28,28.537977070617195
2000-01-31,29.91305266457642
2000-02-01,31.654258552724944
2000-02-02,52.061887972074885
2000-02-03,61.72450987046075
2000-02-04,79.15599808463234
2000-02-07,73.47622581816853
2000-02-08,66.31759778862678
2000-02-09,71.34011918561659
2000-02-10,87.73953235110392
2000-02-11,71.87581762116693
2000-02-14,62.94183718660376
2000-02-15,57.50918499339957
2000-02-16,56.72379581612389
2000-02-17,62.55013679293531
2000-02-18,47.98839725535018
2000-02-22,55.96811892128017
2000-02-23,63.89458157153622
2000-02-24,75.6299795705003
2000-02-25,75.84364034779242
2000-02-28,89.7616356787151
2000-02-29,93.12131244676354
2000-03-01,89.57075642395688
2000-03-02,85.34385566729289
2000-03-03,86.41843510809305
2000-03-06,82.26996836600689
2000-03-07,70.53385336918035
2000-03-08,66.1165250306244
2000-03-09,80.2315809863403
2000-03-10,70.55136296677684
2000-03-13,68.09922104028489
2000-03-14,53.41377184181632
2000-03-15,43.9982899285948
2000-03-16,51.99848241444398
2000-03-17,47.32003049811356
2000-03-20,45.60258090536966
2000-03-21,56.414267974919056
2000-03-22,53.080294608394446
2000-03-23,54.81607730881545
2000-03-24,59.31789115330006
2000-03-27,58.99824512637268
2000-03-28,44.11621349944324
2000-03-29,27.367392308172185
2000-03-30,16.112554994142208
2000-03-31,12.2255954121867
2000-04-03,0.0
2000-04-04,0.0
2000-04-05,0.0
2000-04-06,0.0
2000-04-07,0.0
2000-04-10,0.0
2000-04-11,0.0
2000-04-12,0.0
2000-04-13,0.0
2000-04-14,0.0
2000-04-17,0.0
2000-04-18,0.0
2000-04-19,0.0
2000-04-20,0.0
2000-04-24,0.0
2000-04-25,0.0
2000-04-26,0.0
2000-04-27,0.0
2000-04-28,6.471300882016543
2000-05-01,8.923619205475134
2000-05-02,17.866189468721146
2000-05-03,20.2383320275623
2000-05-04,20.041477759553306
2000-05-05,21.405320203939365
2000-05-08,5.2941529880972595
2000-05-09,13.43870092748449
2000-05-10,6.530300730153343
2000-05-11,28.51165739347669
2000-05-12,38.40445193728803
2000-05-15,70.36705370779377
2000-05-16,59.62114813610113
2000-05-17,36.838588419598096
2000-05-18,37.4850807705385
2000-05-19,30.631621015851106
2000-05-22,38.59232499920516
2000-05-23,8.990556508773608
2000-05-24,21.165788134397296
2000-05-25,5.653880182673966
2000-05-26,1.8960996010581894
2000-05-30,12.899587223630519
2000-05-31,16.154510354498555
2000-06-01,30.564085556393515
2000-06-02,43.40951347634068
2000-06-05,35.957727152784
2000-06-06,41.25898611819843
2000-06-07,53.51864032194706
2000-06-08,69.02163301710442
2000-06-09,63.714912517336046
2000-06-12,51.7300122985097
2000-06-13,52.13174737672811
2000-06-14,40.5832582897395
2000-06-15,48.46632184875836
2000-06-16,55.11198773218253
2000-06-19,77.8488095559127
2000-06-20,83.05001983478192
2000-06-21,100.0
2000-06-22,86.04703794531368
2000-06-23,86.90246291971255
2000-06-26,91.66819576307098
2000-06-27,65.14022615582591
2000-06-28,78.14523264468627
2000-06-29,59.54022594208035
2000-06-30,48.56155579601167
2000-07-03,49.6851017383383
2000-07-05,45.23205667187541
2000-07-06,46.52826407023004
2000-07-07,51.02686914173275
2000-07-10,45.26601314952151
2000-07-11,51.93241739792506
2000-07-12,55.82166678642639
2000-07-13,64.01603121071251
2000-07-14,66.66611821158985
2000-07-17,69.15857073572303
2000-07-18,53.740664372641646
2000-07-19,44.727231773848544
2000-07-20,46.33552629272711
2000-07-21,48.667455046087156
2000-07-24,47.275049670926045
2000-07-25,46.678908291566195
2000-07-26,47.49924279715992
2000-07-27,32.78902359608419
2000-07-28,26.52108674760323
2000-07-31,28.275465400001355
2000-08-01,21.492822937246608
2000-08-02,27.384133964874103
2000-08-03,26.964827945055013
2000-08-04,24.764202021457628
2000-08-07,32.466688823625645
2000-08-08,32.01576441845796
2000-08-09,23.36362689171501
2000-08-10,14.10768259270366
2000-08-11,11.59955289906015
2000-08-14,12.876114768667463
2000-08-15,18.439858854570424
2000-08-16,25.877981715097555
2000-08-17,25.522755971769413
2000-08-18,29.53736295171545
2000-08-21,37.188604300267315
2000-08-22,34.51595331913308
2000-08-23,39.85352569722764
2000-08-24,52.029706149865916
2000-08-25,63.86552548943532
2000-08-28,59.589444822585385
2000-08-29,67.5410898920674
2000-08-30,71.5142829151057
2000-08-31,68.81052960370698
2000-09-01,68.31121893510242
2000-09-05,55.89154101199202
2000-09-06,49.206550641643105
2000-09-07,55.18981217398277
2000-09-08,53.94148932475164
2000-09-11,45.633117448057796
2000-09-12,38.24428666339216
2000-09-13,40.267124336980686
2000-09-14,41.12512993615804
2000-09-15,30.714131336164456
2000-09-18,24.575550714168852
2000-09-19,32.29932801556521
2000-09-20,34.789041041760456
2000-09-21,27.132068887888845
2000-09-22,22.63495084559846
2000-09-25,19.296907270912715
2000-09-26,13.39757672676015
2000-09-27,10.297720072842452
2000-09-28,16.711474673109066
2000-09-29,5.065881065582403
2000-10-02,0.0
2000-10-03,0.0
2000-10-04,8.206450840629707
2000-10-05,0.0
2000-10-06,0.0
2000-10-09,2.9373991750084585
2000-10-10,0.0
2000-10-11,0.0
2000-10-12,0.0
2000-10-13,3.268072976631551
2000-10-16,8.251549196235807
2000-10-17,0.0
2000-10-18,0.0
2000-10-19,9.944948798145361
2000-10-20,16.018485473176995
2000-10-23,17.989595129276196
2000-10-24,19.008187750052443
2000-10-25,8.995965785345952
2000-10-26,4.944061360162145
2000-10-27,13.92417282663002
2000-10-30,14.248932063701957
2000-10-31,33.01029975139024
2000-11-01,25.21773417877691
2000-11-02,35.81430151334969
2000-11-03,47.1997783662421
2000-11-06,45.79307551370907
2000-11-07,54.978678525320404
2000-11-08,46.67276627226203
2000-11-09,52.33746481433475
2000-11-10,19.619265689169268
2000-11-13,16.308932824009645
2000-11-14,36.45803299000316
2000-11-15,41.57097431636279
2000-11-16,12.762200346921816
2000-11-17,8.8978125314935
2000-11-20,0.0
2000-11-21,2.1614688653989163
2000-11-22,4.367365722225529
2000-11-24,13.507362901557414
2000-11-27,10.912430021912051
2000-11-28,4.936497790597919
2000-11-29,0.0
2000-11-30,0.0
2000-12-01,0.0
2000-12-04,0.0
2000-12-05,0.4372675550231975
2000-12-06,0.0
2000-12-07,1.144204134430737
2000-12-08,16.822838791271558
2000-12-11,37.75557316654628
2000-12-12,36.28769529748094
2000-12-13,14.147365927166142
2000-12-14,4.59802096913576
2000-12-15,8.245112651589615
2000-12-18,5.819273611064077
2000-12-19,8.284964159474946
2000-12-20,0.0
2000-12-21,2.018013765109842
2000-12-22,5.70086565836025
2000-12-26,5.935036483551194
2000-12-27,22.545290134090173
2000-12-28,27.438916170232137
2000-12-29,29.905872133286362
2001-01-02,6.689965080027626
2001-01-03,41.16042525134399
2001-01-04,13.870540304996368
2001-01-05,7.420861925863804
2001-01-08,9.617379126416843
2001-01-09,2.528955528288513
2001-01-10,3.733989066761602
2001-01-11,19.261051257256273
2001-01-12,28.831624120197095
2001-01-16,36.70547415300214
2001-01-17,48.3094609603697
2001-01-18,57.897526070154115
2001-01-19,70.02162759265391
2001-01-22,90.55201487807098
2001-01-23,99.35155678042825
2001-01-24,81.31577568218906
2001-01-25,73.23207763664584
2001-01-26,69.9731034068115
2001-01-29,73.42791506200257
2001-01-30,83.26891808775775
2001-01-31,97.6727447857048
2001-02-01,59.831320296271144
2001-02-02,56.296759242632014
2001-02-05,72.2741257332265
2001-02-06,76.64725457622784
2001-02-07,64.94467715258382
2001-02-08,51.294232248561265
2001-02-09,31.339755237792737
2001-02-12,32.93954596148602
2001-02-13,28.748566101942096
2001-02-14,30.871691649148865
2001-02-15,31.29104063293358
2001-02-16,18.019608454363773
2001-02-20,9.789826524094202
2001-02-21,0.0
2001-02-22,0.0
2001-02-23,4.816312519507257
2001-02-26,6.765844781471905
2001-02-27,0.0
2001-02-28,0.0
2001-03-01,0.0
2001-03-02,0.0
2001-03-05,3.3825392655465834
2001-03-06,10.23222291285068
2001-03-07,9.114589447345786
2001-03-08,8.646029496039127
2001-03-09,2.5155425823006112
2001-03-12,0.0
2001-03-13,5.672907929248169
2001-03-14,5.167819211278044
2001-03-15,0.0
2001-03-16,0.0
2001-03-19,4.034014755273645
2001-03-20,2.778538922062488
2001-03-21,3.6054893511219746
2001-03-22,11.573399878165205
2001-03-23,14.883396363630162
2001-03-26,11.437890020666764
2001-03-27,27.528407422644058
2001-03-28,22.345094659733718
2001-03-29,16.68454397395776
2001-03-30,21.707847741182405
2001-04-02,14.106610610950398
2001-04-03,0.0
2001-04-04,0.0
2001-04-05,13.524093179069837
2001-04-06,15.313883970406053
2001-04-09,30.54573877910056
2001-04-10,34.4238116620159
2001-04-11,45.07065486269916
2001-04-12,56.36637840848716
2001-04-16,58.10205556570441
2001-04-17,51.4253350489804
2001-04-18,79.15742696637865
2001-04-19,95.91113980843085
2001-04-20,85.53296095564947
2001-04-23,68.56241512645943
2001-04-24,64.70451993420014
2001-04-25,62.13769600540089
2001-04-26,72.71262926905054
2001-04-27,83.13701085511077
2001-04-30,85.89931436447573
2001-05-01,98.74789165823567
2001-05-02,100.0
2001-05-03,100.0
2001-05-04,98.53336861839225
2001-05-07,100.0
2001-05-08,100.0
2001-05-09,83.90599123305012
2001-05-10,75.60984692704545
2001-05-11,67.80417588259041
2001-05-14,69.12120197832823
2001-05-15,69.07294302176875
2001-05-16,61.37776583526444
2001-05-17,52.693116445778756
2001-05-18,54.56729050083351
2001-05-21,76.33423900487222
2001-05-22,81.65257493144016
2001-05-23,69.24985785783701
2001-05-24,77.53290276093442
2001-05-25,68.53659831742286
2001-05-29,58.08250433082026
2001-05-30,45.18390973922077
2001-05-31,40.86205662692043
2001-06-01,51.71221495545016
2001-06-04,48.32263089349261
2001-06-05,56.25356413730522
2001-06-06,52.40869340154016
2001-06-07,61.61581252427284
2001-06-08,59.16489840986143
2001-06-11,54.23495192563296
2001-06-12,56.49098398578924
2001-06-13,51.05276002881948
2001-06-14,36.009054619021654
2001-06-15,32.43838528188836
2001-06-18,28.78928432766342
2001-06-19,20.63654372449455
2001-06-20,23.28788841683245
2001-06-21,31.18405409658735
2001-06-22,24.165434377927227
2001-06-25,28.524554525885986
2001-06-26,36.95014974089522
2001-06-27,46.48885728823954
2001-06-28,52.36007665262906
2001-06-29,51.964911132046986
2001-07-02,49.73411174916936
2001-07-03,43.374516136549325
2001-07-05,39.674494403733036
2001-07-06,28.00313564769571
2001-07-09,33.515374843707235
2001-07-10,31.42007514879739
2001-07-11,33.1731631066376
2001-07-12,46.749162210276225
2001-07-13,55.58621932123132
2001-07-16,51.29235912190346
2001-07-17,58.911549011685025
2001-07-18,52.34439128752594
2001-07-19,51.879493060100906
2001-07-20,47.64683549100948
2001-07-23,46.69870391711119
2001-07-24,41.71012012629626
2001-07-25,42.72345149826595
2001-07-26,45.01300829481313
2001-07-27,39.19163993367077
2001-07-30,35.26831027430295
2001-07-31,36.18456214420279
2001-08-01,40.610236100267166
2001-08-02,48.53741041208986
2001-08-03,55.044888016998904
2001-08-06,49.664176486766316
2001-08-07,55.98096356766144
2001-08-08,47.509744355765115
2001-08-09,37.842029287111814
2001-08-10,35.96169225133899
2001-08-13,43.77453560799364
2001-08-14,38.7445919822658
2001-08-15,40.56471728794157
2001-08-16,38.28323822446719
2001-08-17,32.67712845872069
2001-08-20,38.55933997982816
2001-08-21,36.48376501767467
2001-08-22,36.50291184122526
2001-08-23,31.03588349046224
2001-08-24,38.841573783473834
2001-08-27,39.88174492134904
2001-08-28,35.14755592516537
2001-08-29,28.441719356243695
2001-08-30,21.163215046318673
2001-08-31,23.40081808309369
2001-09-04,24.698039528552833
2001-09-05,24.003648410537988
2001-09-06,23.919472572263988
2001-09-07,21.530947445325904
2001-09-10,23.596567073749082
2001-09-17,6.4079304065786715
2001-09-18,7.217062162973271
2001-09-19,7.0805781054422425
2001-09-20,1.7901955305715234
2001-09-21,2.3165155108146678
2001-09-24,9.257141778925359
2001-09-25,14.004456571627095
2001-09-26,6.610469926331589
2001-09-27,7.728573464502972
2001-09-28,4.6280354685359555
2001-10-01,3.169669283085973
2001-10-02,9.045619688416764
2001-10-03,20.4240332458927
2001-10-04,27.46964279768625
2001-10-05,27.49767876123988
2001-10-08,29.20195805393078
2001-10-09,27.561928535098144
2001-10-10,40.54573521903173
2001-10-11,52.8174455864217
2001-10-12,51.80027569925578
2001-10-15,68.266645487353
2001-10-16,72.64421733288091
2001-10-17,67.50943701501845
2001-10-18,75.52666041046865
2001-10-19,86.46678205157107
2001-10-22,79.18082654107968
2001-10-23,78.62858653517688
2001-10-24,88.04547767697096
2001-10-25,93.84187203236091
2001-10-26,87.92261919553366
2001-10-29,81.12403440191731
2001-10-30,74.68702150928253
2001-10-31,63.90761942894292
2001-11-01,67.32782421678354
2001-11-02,67.74804389448491
2001-11-05,73.02190801490336
2001-11-06,81.51611996421433
2001-11-07,73.20745232296709
2001-11-08,62.70570561904564
2001-11-09,63.07331613196294
2001-11-12,65.7689161968161
2001-11-13,69.29049459766706
2001-11-14,81.91478662333472
2001-11-15,83.26521330616865
2001-11-16,81.80077306825922
2001-11-19,79.99030610598099
2001-11-20,75.16631061677816
2001-11-21,73.1567609331818
2001-11-23,72.62829154628375
2001-11-26,77.24095761484453
2001-11-27,85.46254827732469
2001-11-28,84.97706262502882
2001-11-29,87.36968493220112
2001-11-30,79.82055480012122
2001-12-03,75.45055416510809
2001-12-04,75.9194795962967
2001-12-05,83.11597931912405
2001-12-06,85.56310167086843
2001-12-07,83.61829728635252
2001-12-10,79.98423473056
2001-12-11,79.18881875855175
2001-12-12,72.92473218699072
2001-12-13,64.90397482697324
2001-12-14,64.26826781876673
2001-12-17,66.32843382427795
2001-12-18,65.18090604238706
2001-12-19,66.64613028679997
2001-12-20,59.77321607296378
2001-12-21,59.146504199391785
2001-12-24,55.69453912259751
2001-12-26,58.990528796085144
2001-12-27,64.85683122162996
2001-12-28,63.31690060479091
2001-12-31,59.052201758498015
2002-01-02,66.7153704643816
2002-01-03,67.27791659034709
2002-01-04,57.980696044985784
2002-01-07,52.85976847534438
2002-01-08,56.734023727682946
2002-01-09,58.664259000882595
2002-01-10,57.39107684764148
2002-01-11,54.000176718848145
2002-01-14,56.19518726775706
2002-01-15,55.30356742573412
2002-01-16,46.48103226061549
2002-01-17,50.27258515816782
2002-01-18,47.830061757711874
2002-01-22,49.06779384973708
2002-01-23,51.39552039915176
2002-01-24,53.493138270059646
2002-01-25,50.9893789626448
2002-01-28,51.01107408897965
2002-01-29,43.485421727094916
2002-01-30,51.323328180892496
2002-01-31,48.70386169302338
2002-02-01,40.196203525576436
2002-02-04,32.26186205822043
2002-02-05,33.72800089821432
2002-02-06,29.774415002169608
2002-02-07,28.1483804832808
2002-02-08,32.203392121233556
2002-02-11,38.527397943132
2002-02-12,41.00136309532035
2002-02-13,43.3630768081381
2002-02-14,46.337682880960905
2002-02-15,36.66502995683059
2002-02-19,36.84982823851592
2002-02-20,44.11287809384149
2002-02-21,32.604569657921004
2002-02-22,31.09967370378722
2002-02-25,36.20410087530743
2002-02-26,36.09119630630205
2002-02-27,39.712931428070036
2002-02-28,34.99280455597338
2002-03-01,42.10667458126454
2002-03-04,51.245964439425954
2002-03-05,59.20261110133527
2002-03-06,64.09722498863007
2002-03-07,67.89114976638095
2002-03-08,78.14111327926972
2002-03-11,74.21820776665635
2002-03-12,66.98269703946582
2002-03-13,63.3936450429515
2002-03-14,60.67448504433859
2002-03-15,64.30055447347398
2002-03-18,70.17440738516942
2002-03-19,77.40555079801048
2002-03-20,69.55329539772163
2002-03-21,81.09974474905923
2002-03-22,78.59709218161214
2002-03-25,68.10134110956187
2002-03-26,68.34150185834176
2002-03-27,71.40075589998767
2002-03-28,76.29574752383769
2002-04-01,68.43346780197251
2002-04-02,54.288999153020676
2002-04-03,50.39791147506231
2002-04-04,48.103179844391875
2002-04-05,43.99817157220156
2002-04-08,40.05971896196731
2002-04-09,35.0281964424404
2002-04-10,41.27573667840077
2002-04-11,40.2082905208746
2002-04-12,42.712698003883986
2002-04-15,40.89830876887147
2002-04-16,47.939114940451134
2002-04-17,46.98364533080927
2002-04-18,50.09700502335096
2002-04-19,45.63268225559283
2002-04-22,42.32758216785981
2002-04-23,43.37363277352592
2002-04-24,39.826309389152065
2002-04-25,39.51657272825529
2002-04-26,31.733185797960186
2002-04-29,29.20833089918391
2002-04-30,38.72123729273106
2002-05-01,39.99151589608155
2002-05-02,35.90561881900385
2002-05-03,34.577441272586086
2002-05-06,28.402345467236277
2002-05-07,32.791052770522434
2002-05-08,46.52154498221031
2002-05-09,45.795362607176024
2002-05-10,35.58295874758117
2002-05-13,43.65520476055928
2002-05-14,44.86479476710174
2002-05-15,45.518055350853125
2002-05-16,46.41528470192893
2002-05-17,49.18830955719823
2002-05-20,48.648128498705326
2002-05-21,46.65982102936052
2002-05-22,50.56653850242742
2002-05-23,54.00186624110457
2002-05-24,56.12816256581706
2002-05-28,55.20181608782779
2002-05-29,47.99583858023997
2002-05-30,50.277053478981955
2002-05-31,51.058386486686885
2002-06-03,48.23316614971714
2002-06-04,54.38079597342001
2002-06-05,57.96828960288811
2002-06-06,34.661698151175884
2002-06-07,38.689516239538726
2002-06-10,44.994962963249876
2002-06-11,32.414983777013866
2002-06-12,26.385173672848566
2002-06-13,22.74385439999777
2002-06-14,22.92560642504214
2002-06-17,27.912265761824496
2002-06-18,31.63718868251012
2002-06-19,29.52165665170092
2002-06-20,25.713155769702137
2002-06-21,18.844008895560922
2002-06-24,26.51540005174369
2002-06-25,23.08981657832775
2002-06-26,26.33776091468753
2002-06-27,31.303556474943466
2002-06-28,33.773957680760226
2002-07-01,32.455527736720214
2002-07-02,23.490834292619283
2002-07-03,24.245590079115953
2002-07-05,40.921114069352164
2002-07-08,36.38118314410626
2002-07-09,32.70458898503955
2002-07-10,31.45321130416853
2002-07-11,32.80355638928234
2002-07-12,35.93625600969428
2002-07-15,37.693462146372326
2002-07-16,30.874678592936267
2002-07-17,35.050757132251896
2002-07-18,35.74690902712892
2002-07-19,32.88623653312514
2002-07-22,30.241661821909712
2002-07-23,17.875049926409005
2002-07-24,32.9914511879773
2002-07-25,25.09203007356992
2002-07-26,22.974582246187847
2002-07-29,36.920935638239726
2002-07-30,47.422922300931255
2002-07-31,50.52266795417944
2002-08-01,38.39703220464337
2002-08-02,20.520732017682747
2002-08-05,19.823043020845628
2002-08-06,34.530851637277166
2002-08-07,43.41021824377396
2002-08-08,46.1940702662386
2002-08-09,43.67753001298366
2002-08-12,41.60778475244057
2002-08-13,34.27395152611937
2002-08-14,41.85482915742728
2002-08-15,52.11901734620187
2002-08-16,63.47834399694175
2002-08-19,76.7534254410902
2002-08-20,82.57796813668091
2002-08-21,76.08450592671923
2002-08-22,90.329168448258
2002-08-23,77.56664425477089
2002-08-26,63.735934919888464
2002-08-27,55.33145693978828
2002-08-28,54.38749891299737
2002-08-29,66.3520920405895
2002-08-30,69.02066226189461
2002-09-03,66.27841104297218
2002-09-04,59.50315499142306
2002-09-05,49.21445515455084
2002-09-06,51.451930012760165
2002-09-09,56.60648821305488
2002-09-10,59.01028651718529
2002-09-11,67.01609359582243
2002-09-12,48.79874653061366
2002-09-13,46.96256649733318
2002-09-16,39.9666580205422
2002-09-17,32.423004096522504
2002-09-18,35.81247963075099
2002-09-19,24.345773552184525
2002-09-20,21.94372445120458
2002-09-23,22.09219545487831
2002-09-24,20.21882647814739
2002-09-25,33.45269272743857
2002-09-26,39.10309224111877
2002-09-27,32.09953408261533
2002-09-30,30.05838041203781
2002-10-01,48.47719294541165
2002-10-02,39.58992603594899
2002-10-03,42.84282507218656
2002-10-04,30.019709307880373
2002-10-07,24.193616243649856
2002-10-08,24.570375323781064
2002-10-09,21.16331679141498
2002-10-10,36.90108787240688
2002-10-11,45.22047497778041
2002-10-14,49.65646107546254
2002-10-15,65.5047113728502
2002-10-16,58.32528571775616
2002-10-17,73.8707051532005
2002-10-18,75.92438795049861
2002-10-21,88.73463888825115
2002-10-22,86.32546299725757
2002-10-23,81.91303828761627
2002-10-24,77.07763514102474
2002-10-25,87.55788890066682
2002-10-28,91.51959006921263
2002-10-29,77.46877486599743
2002-10-30,87.67626042796181
2002-10-31,91.25032415836938
2002-11-01,100.0
2002-11-04,100.0
2002-11-05,100.0
2002-11-06,100.0
2002-11-07,98.36720950958647
2002-11-08,83.79999940313179
2002-11-11,74.71758857564382
2002-11-12,66.58089129209297
2002-11-13,77.2064836131088
2002-11-14,78.89625091856576
2002-11-15,76.29001891230344
2002-11-18,68.54384272176446
2002-11-19,67.72023239271627
2002-11-20,71.49516880126905
2002-11-21,84.76748197894908
2002-11-22,79.87505596683991
2002-11-25,85.30713174314909
2002-11-26,82.21076075252665
2002-11-27,85.80873528486605
2002-11-29,84.38365103632466
2002-12-02,78.7688852752494
2002-12-03,66.77724268573044
2002-12-04,62.2660216240583
2002-12-05,56.35161330309377
2002-12-06,65.83016537557174
2002-12-09,59.53230480163774
2002-12-10,69.8407720628629
2002-12-11,64.87369998777724
2002-12-12,63.70117561839251
2002-12-13,48.81710215446608
2002-12-16,54.81564615949284
2002-12-17,56.20243777811647
2002-12-18,54.03382369294845
2002-12-19,43.90182595611481
2002-12-20,37.64811759642646
2002-12-23,39.99799691411722
2002-12-24,36.23183337739402
2002-12-26,41.65015464554393
2002-12-27,30.05577506880465
2002-12-30,30.401329234291968
2002-12-31,25.127186396270712
2003-01-02,39.66343816523816
2003-01-03,43.46751995963752
2003-01-06,52.4526479959238
2003-01-07,52.19105905662106
2003-01-08,56.33397582897215
2003-01-09,60.114140667299544
2003-01-10,61.30786002365205
2003-01-13,60.11771733257819
2003-01-14,67.48238808501723
2003-01-15,56.98688213618239
2003-01-16,56.07264173474732
2003-01-17,53.56527281247089
2003-01-21,53.56131571944221
2003-01-22,50.54973613879284
2003-01-23,52.37937037158407
2003-01-24,46.48054025275857
2003-01-27,45.10903368299556
2003-01-28,52.40264550476329
2003-01-29,57.54778723638431
2003-01-30,55.964875472262825
2003-01-31,44.63392656305681
2003-02-03,44.81242047497129
2003-02-04,36.194631769681145
2003-02-05,35.22771812070548
2003-02-06,39.59329820494635
2003-02-07,29.069223965052906
2003-02-10,30.652137805129236
2003-02-11,30.779504428260747
2003-02-12,26.266428510590806
2003-02-13,28.38051088584959
2003-02-14,36.70484380718294
2003-02-18,50.40730875238851
2003-02-19,49.917030374714216
2003-02-20,50.35193229017013
2003-02-21,48.834634902521806
2003-02-24,51.67950228965881
2003-02-25,54.80856598661784
2003-02-26,47.050733451969506
2003-02-27,46.9876575907275
2003-02-28,54.27227984763032
2003-03-03,52.146478605793845
2003-03-04,49.02871551084643
2003-03-05,53.353415218269795
2003-03-06,51.44077247920323
2003-03-07,52.14360842394453
2003-03-10,50.48218746399116
2003-03-11,46.21691561783111
2003-03-12,48.16300210651152
2003-03-13,64.6806920875894
2003-03-14,65.42133279508315
2003-03-17,68.48146705042159
2003-03-18,63.91732224511149
2003-03-19,67.07701211129043
2003-03-20,69.58318845844417
2003-03-21,70.1810152624756
2003-03-24,64.99591149932321
2003-03-25,67.7058940372096
2003-03-26,71.83833278451073
2003-03-27,67.27031200649691
2003-03-28,62.76471863493132
2003-03-31,57.261364933328935
2003-04-01,61.061085434947046
2003-04-02,70.09851601478323
2003-04-03,72.05574071984705
2003-04-04,69.27098426132395
2003-04-07,77.37312983938406
2003-04-08,76.41997851174054
2003-04-09,68.9392540174589
2003-04-10,57.13351005671523
2003-04-11,56.53254742784686
2003-04-14,51.34750228764801
2003-04-15,49.43213439003095
2003-04-16,49.597759049837435
2003-04-17,53.79089481851004
2003-04-21,49.38008813564956
2003-04-22,65.16865917022854
2003-04-23,63.988214415942444
2003-04-24,62.26752558036608
2003-04-25,58.941956626014104
2003-04-28,67.47311065658072
2003-04-29,79.22796999302001
2003-04-30,74.79760927299293
2003-05-01,65.59893187425747
2003-05-02,71.70529094622165
2003-05-05,74.30928667634149
2003-05-06,74.60050199654567
2003-05-07,72.60111458485393
2003-05-08,75.37470732768394
2003-05-09,79.19957233535077
2003-05-12,83.96576016802429
2003-05-13,77.7471257255206
2003-05-14,75.44769673566773
2003-05-15,78.56300400558109
2003-05-16,68.57682242386578
2003-05-19,59.68985096231354
2003-05-20,53.38879016244711
2003-05-21,50.94438356751528
2003-05-22,56.538976148079
2003-05-23,61.55726690127236
2003-05-27,65.15163020398884
2003-05-28,64.43292547696723
2003-05-29,68.68171625779257
2003-05-30,70.44238640142261
2003-06-02,63.78789994625197
2003-06-03,64.97012491288228
2003-06-04,67.22123055870938
2003-06-05,74.45029589464355
2003-06-06,75.28499943316265
2003-06-09,64.43045797588613
2003-06-10,63.95292514872477
2003-06-11,67.42210411572016
2003-06-12,70.50664750490401
2003-06-13,61.705603530514516
2003-06-16,72.97745599763245
2003-06-17,83.59905687815102
2003-06-18,87.14847751954728
2003-06-19,81.55887283348909
2003-06-20,78.21866443907335
2003-06-23,70.82394648256556
2003-06-24,60.34706899239398
2003-06-25,59.745442018839235
2003-06-26,66.03137614216116
2003-06-27,61.7886819463959
2003-06-30,60.232163642184645
2003-07-01,62.20176572286356
2003-07-02,63.68908801189956
2003-07-03,59.76738267994631
2003-07-07,72.36353019731084
2003-07-08,81.94688406319625
2003-07-09,78.67772824087511
2003-07-10,69.92022563922971
2003-07-11,71.02421591735296
2003-07-14,80.44827801177912
2003-07-15,74.79513352743193
2003-07-16,72.72076883053577
2003-07-17,62.70870183116151
2003-07-18,69.40033425446623
2003-07-21,67.68473284802128
2003-07-22,77.75853228629467
2003-07-23,80.92333805538075
2003-07-24,77.60559138058285
2003-07-25,75.1778072497637
2003-07-28,78.45249202011877
2003-07-29,80.69294244985146
2003-07-30,75.09632693389179
2003-07-31,72.00049329320558
2003-08-01,70.30139846646313
2003-08-04,59.28338827097443
2003-08-05,50.22889722356005
2003-08-06,45.36713891482769
2003-08-07,49.5952341895826
2003-08-08,46.163600403329326
2003-08-11,45.86365738564068
2003-08-12,47.05462756889427
2003-08-13,50.03058312510481
2003-08-14,59.56939299103867
2003-08-15,57.7260585529346
2003-08-18,64.35769650359823
2003-08-19,63.02190013061569
2003-08-20,62.18365588031993
2003-08-21,68.4591467029689
2003-08-22,61.0165432595383
2003-08-25,59.651500370392554
2003-08-26,59.12553968788843
2003-08-27,64.05137679592154
2003-08-28,62.21465666021404
2003-08-29,66.30681903936961
2003-09-02,74.22025902742487
2003-09-03,81.11381550062708
2003-09-04,87.81983923369631
2003-09-05,84.22711085956709
2003-09-08,90.8086358623637
2003-09-09,83.98158336905948
2003-09-10,71.05511223398017
2003-09-11,72.40067009414965
2003-09-12,70.21466765244875
2003-09-15,68.18573458847709
2003-09-16,69.64864569355561
2003-09-17,65.69378583454946
2003-09-18,68.9995203901949
2003-09-19,64.15400696675368
2003-09-22,62.79137283776899
2003-09-23,65.59832288664927
2003-09-24,55.5535545199879
2003-09-25,48.3149888238484
2003-09-26,41.76792639055296
2003-09-29,46.27861700038464
2003-09-30,30.62127273726287
2003-10-01,35.82731065938575
2003-10-02,35.8723198062754
2003-10-03,49.755493798005496
2003-10-06,45.96335102057073
2003-10-07,51.92886925560404
2003-10-08,58.61251627635842
2003-10-09,57.75215286470072
2003-10-10,57.29379867748602
2003-10-13,62.12508511651008
2003-10-14,57.41824075597738
2003-10-15,59.47654748558986
2003-10-16,58.07549845222165
2003-10-17,51.96152959513558
2003-10-20,57.80438925779433
2003-10-21,56.56829895989011
2003-10-22,58.46062162318232
2003-10-23,61.64148016063105
2003-10-24,62.76257669247802
2003-10-27,60.272997814043364
2003-10-28,76.6991241761227
2003-10-29,70.8369777970554
2003-10-30,69.84393365890463
2003-10-31,58.03703273987535
2003-11-03,63.339242847290194
2003-11-04,57.47465150005968
2003-11-05,61.040071134894674
2003-11-06,61.125619173193364
2003-11-07,61.04735904973496
2003-11-10,53.94464882353478
2003-11-11,49.77988863620191
2003-11-12,55.12843731859826
2003-11-13,49.15278269606939
2003-11-14,49.40591171332328
2003-11-17,43.73896178111378
2003-11-18,37.07536377708707
2003-11-19,48.98699053790039
2003-11-20,46.63740408491115
2003-11-21,53.19637169433145
2003-11-24,59.52595549379586
2003-11-25,51.72455521096795
2003-11-26,52.23433816543938
2003-11-28,53.49520590756852
2003-12-01,61.142747819487404
2003-12-02,52.62989920653737
2003-12-03,52.19682556461456
2003-12-04,52.042409015400125
2003-12-05,40.75006819718033
2003-12-08,43.44456084760953
2003-12-09,42.74101451531572
2003-12-10,43.13050652218044
2003-12-11,42.0032474884667
2003-12-12,46.2851731654127
2003-12-15,48.96736498568901
2003-12-16,53.66866395418716
2003-12-17,57.372011396951876
2003-12-18,59.05313463706716
2003-12-19,62.38751831427011
2003-12-22,61.38603520797655
2003-12-23,55.81068514893419
2003-12-24,54.750032135905236
2003-12-26,52.32220373989979
2003-12-29,57.182296311128184
2003-12-30,52.08612455627496
2003-12-31,49.49102779689058
2004-01-02,54.72507474452014
2004-01-05,60.466520398649095
2004-01-06,68.46817398841755
2004-01-07,68.69742912033203
2004-01-08,78.14441138871476
2004-01-09,74.85041617450187
2004-01-12,73.2474611247894
2004-01-13,68.69004668336717
2004-01-14,75.64701704429561
2004-01-15,74.71367962051727
2004-01-16,81.66617042183333
2004-01-20,77.35954126758367
2004-01-21,76.72528441204538
2004-01-22,70.92977813553586
2004-01-23,68.08963113230757
2004-01-26,75.96579498360794
2004-01-27,69.21295496893701
2004-01-28,58.10759927309687
2004-01-29,56.08808237138143
2004-01-30,58.13766956113008
2004-02-02,55.70777736081781
2004-02-03,48.886652753703174
2004-02-04,41.27816706232963
2004-02-05,40.13239033679159
2004-02-06,42.04034543933917
2004-02-09,45.635375863718295
2004-02-10,44.92112257148071
2004-02-11,48.7674159353596
2004-02-12,44.930836757522
2004-02-13,41.351846551218244
2004-02-17,40.22474700802563
2004-02-18,37.9560286107015
2004-02-19,34.7186720387994
2004-02-20,38.52552329300889
2004-02-23,31.234378417137798
2004-02-24,25.24681367315515
2004-02-25,33.46312530945342
2004-02-26,39.46008559504237
2004-02-27,38.11122096524888
2004-03-01,45.0879189342604
2004-03-02,42.96030398075226
2004-03-03,42.635585273762665
2004-03-04,53.47725449649149
2004-03-05,47.45302619009921
2004-03-08,34.98574617756779
2004-03-09,32.896203768322394
2004-03-10,25.64833783770231
2004-03-11,22.243625696083765
2004-03-12,30.42068859415314
2004-03-15,27.48979205053965
2004-03-16,22.866824780127317
2004-03-17,28.734887936041343
2004-03-18,32.252908602236474
2004-03-19,29.78303226620198
2004-03-22,29.053980038785973
2004-03-23,28.7252499197583
2004-03-24,27.66589260635934
2004-03-25,35.169001115985104
2004-03-26,37.906727093166424
2004-03-29,39.40128214279636
2004-03-30,43.230867143764854
2004-03-31,40.57802706211771
2004-04-01,42.18357281119897
2004-04-02,56.687262332445066
2004-04-05,68.65788895979291
2004-04-06,67.73044415862343
2004-04-07,71.06196027253017
2004-04-08,75.21670130212962
2004-04-12,70.42065683547968
2004-04-13,73.7352896500753
2004-04-14,74.0024427250533
2004-04-15,64.7354447915606
2004-04-16,64.09631317151133
2004-04-19,71.90286890659519
2004-04-20,71.20962667100562
2004-04-21,76.82646464530782
2004-04-22,80.82583053376874
2004-04-23,74.51099504533133
2004-04-26,72.15678253354096
2004-04-27,64.51142208684874
2004-04-28,56.966896680934504
2004-04-29,56.303043898542114
2004-04-30,43.860425143498304
2004-05-03,36.77634958167743
2004-05-04,34.47935170219077
2004-05-05,39.74833435657055
2004-05-06,38.3051041722259
2004-05-07,37.63009296737826
2004-05-10,31.985109646017666
2004-05-11,40.93220749612501
2004-05-12,40.21484649299229
2004-05-13,44.40449609329473
2004-05-14,41.487013349266604
2004-05-17,31.093751536060278
2004-05-18,41.68435426067086
2004-05-19,38.77520733780162
2004-05-20,32.4490026105489
2004-05-21,31.578338929997823
2004-05-24,35.03823440153632
2004-05-25,43.04307601390913
2004-05-26,49.49889262178472
2004-05-27,53.66347309384031
2004-05-28,62.46760247305254
2004-06-01,60.43261526543405
2004-06-02,58.050083846720995
2004-06-03,51.14264202171584
2004-06-04,58.479658637086494
2004-06-07,65.24714685993072
2004-06-08,69.69412830908783
2004-06-09,58.754046164802816
2004-06-10,60.69101298071022
2004-06-14,55.98627877366894
2004-06-15,62.46344843155005
2004-06-16,70.14294012674881
2004-06-17,62.28494068537345
2004-06-18,61.76822977957485
2004-06-21,60.70658726833659
2004-06-22,60.9635545344611
2004-06-23,63.62979885648524
2004-06-24,54.03786748232146
2004-06-25,54.856022852799896
2004-06-28,55.40110470824636
2004-06-29,56.715787352276024
2004-06-30,54.70331274711736
2004-07-01,47.69762481518909
2004-07-02,49.60689120267872
2004-07-06,37.44748675250069
2004-07-07,30.897745276897883
2004-07-08,24.956630837167083
2004-07-09,31.439274867610134
2004-07-12,27.727239896138016
2004-07-13,31.225312726134437
2004-07-14,26.94702425433246
2004-07-15,25.712780186909555
2004-07-16,21.156785671917138
2004-07-19,20.35073499992744
2004-07-20,30.74958894295048
2004-07-21,19.77637218756098
2004-07-22,17.77545103010447
2004-07-23,11.538935063010165
2004-07-26,9.025387805280836
2004-07-27,15.185611666489038
2004-07-28,11.166136307532184
2004-07-29,15.774039324085251
2004-07-30,20.336791620366824
2004-08-02,24.406347826118978
2004-08-03,24.867346574760973
2004-08-04,23.315977740109233
2004-08-05,21.856584771236626
2004-08-06,7.550076367876876
2004-08-09,10.166179678058725
2004-08-10,17.703079349640092
2004-08-11,15.32012291423559
2004-08-12,9.230735106629709
2004-08-13,16.800096182091437
2004-08-16,22.72186952616148
2004-08-17,16.05049775715893
2004-08-18,30.93630576406845
2004-08-19,25.92671716280757
2004-08-20,38.453945016917196
2004-08-23,40.675898100741875
2004-08-24,32.31367935301285
2004-08-25,39.351591340202084
2004-08-26,32.94414253076788
2004-08-27,36.99289413882886
2004-08-30,30.33552594231327
2004-08-31,35.37265861506324
2004-09-01,38.78247826586998
2004-09-02,51.75966596679958
2004-09-03,61.0236165790695
2004-09-07,63.1048116202536
2004-09-08,51.34169175927998
2004-09-09,61.97986296813953
2004-09-10,73.92299200890014
2004-09-13,76.86560144175215
2004-09-14,70.31292098890495
2004-09-15,65.17552164575741
2004-09-16,56.83157248060256
2004-09-17,61.798769172325905
2004-09-20,55.71327612841902
2004-09-21,57.1562159411728
2004-09-22,49.35554220893693
2004-09-23,45.30399880326435
2004-09-24,46.36594353712224
2004-09-27,39.114282781045226
2004-09-28,48.040348693535336
2004-09-29,56.66698553827764
2004-09-30,53.69604586750725
2004-10-01,58.26661135213542
2004-10-04,64.41176386633497
2004-10-05,62.863505202044514
2004-10-06,70.82116606342076
2004-10-07,61.172528519963834
2004-10-08,47.2070261802036
2004-10-11,45.76654088829591
2004-10-12,43.77774732117828
2004-10-13,45.38027502044406
2004-10-14,40.56331396962027
2004-10-15,40.75656607460458
2004-10-18,48.1211217860606
2004-10-19,42.319345547706305
2004-10-20,52.083201406360274
2004-10-21,56.22617034001242
2004-10-22,48.59328630095016
2004-10-25,53.29806429897924
2004-10-26,54.34980418774533
2004-10-27,58.83655683413278
2004-10-28,60.027388468288784
2004-10-29,45.711844965711045
2004-11-01,46.488782942109474
2004-11-02,46.21779417382765
2004-11-03,45.63252127201315
2004-11-04,54.91403066584212
2004-11-05,71.6571414734197
2004-11-08,71.04725328146863
2004-11-09,74.06384397530302
2004-11-10,74.88064974379463
2004-11-11,87.1122376829426
2004-11-12,88.96789541037266
2004-11-15,84.12215091819309
2004-11-16,84.37704975017064
2004-11-17,86.38105475758351
2004-11-18,81.27041984167363
2004-11-19,85.4936301695252
2004-11-22,89.19916735655153
2004-11-23,85.2533303657237
2004-11-24,77.14248987867029
2004-11-26,76.93873327887016
2004-11-29,83.36215807108094
2004-11-30,77.04599602339572
2004-12-01,86.52393286661307
2004-12-02,83.71324173544872
2004-12-03,77.00373714048571
2004-12-06,69.86179976066182
2004-12-07,60.506425309942585
2004-12-08,59.67348725855135
2004-12-09,62.413850689844594
2004-12-10,55.88070042221499
2004-12-13,55.319593263610415
2004-12-14,56.26499773317433
2004-12-15,58.75391822189465
2004-12-16,54.32316745942662
2004-12-17,51.64275420012371
2004-12-20,55.612675901724046
2004-12-21,56.95158210049781
2004-12-22,58.881881004300425
2004-12-23,54.94519054792631
2004-12-27,54.38768117661762
2004-12-28,56.66584510288719
2004-12-29,61.08090298020947
2004-12-30,49.89608298325847
2004-12-31,43.69590255725918
2005-01-03,40.373464822220235
2005-01-04,32.11806923186841
2005-01-05,36.56267445493412
2005-01-06,36.256189016119684
2005-01-07,34.87634133656712
2005-01-10,36.62481950950059
2005-01-11,28.137877287892127
2005-01-12,28.204907763119625
2005-01-13,22.746860282193964
2005-01-14,28.595236092497764
2005-01-18,34.76090196345577
2005-01-19,29.013083534551203
2005-01-20,17.723742270481452
2005-01-21,12.592856818989148
2005-01-24,5.830299244234524
2005-01-25,9.782225748603373
2005-01-26,10.431463058118382
2005-01-27,10.408679864011795
2005-01-28,7.821269537998589
2005-01-31,15.802880454981896
2005-02-01,22.542622016717758
2005-02-02,31.928161021602914
2005-02-03,32.41983948296421
2005-02-04,37.1109597098022
2005-02-07,35.39198151543279
2005-02-08,34.321768724774806
2005-02-09,29.296435630195276
2005-02-10,28.42149479063195
2005-02-11,41.649066035951414
2005-02-14,37.432182201205286
2005-02-15,34.92822619045507
2005-02-16,43.650566899525984
2005-02-17,45.4054758559315
2005-02-18,50.29288064173133
2005-02-22,50.525334607545894
2005-02-23,45.62834946567781
2005-02-24,44.617695654730596
2005-02-25,47.24056888362461
2005-02-28,48.468019703511196
2005-03-01,49.48213163664775
2005-03-02,46.527561475380445
2005-03-03,43.145025284039946
2005-03-04,47.7085952578527
2005-03-07,47.57099890539562
2005-03-08,46.85113457742484
2005-03-09,46.74577310348329
2005-03-10,54.64696677569493
2005-03-11,49.98944551600688
2005-03-14,45.23759998471602
2005-03-15,40.71313924039437
2005-03-16,33.20301936984808
2005-03-17,32.0525056203212
2005-03-18,36.69157761648626
2005-03-21,35.09660335440571
2005-03-22,38.92404306460884
2005-03-23,39.87071543744159
2005-03-24,34.68759800492854
2005-03-28,32.28715388998015
2005-03-29,30.043457993592327
2005-03-30,31.946956219880907
2005-03-31,26.57120543541097
2005-04-01,23.410516230084287
2005-04-04,23.98894582907974
2005-04-05,21.967230336753786
2005-04-06,23.661331376719414
2005-04-07,28.308773627667694
2005-04-08,26.274950121010114
2005-04-11,26.167251764898122
2005-04-12,24.912214119102405
2005-04-13,20.67058859321943
2005-04-14,19.39931345675908
2005-04-15,7.738120429593941
2005-04-18,9.758552418099391
2005-04-19,13.957755320231449
2005-04-20,11.901864663331772
2005-04-21,25.574066368160437
2005-04-22,17.338085500937666
2005-04-25,20.879169783757224
2005-04-26,20.616826139746486
2005-04-27,13.729283825267188
2005-04-28,12.201261263817678
2005-04-29,20.586773970414797
2005-05-02,20.486174635725607
2005-05-03,19.699133371705567
2005-05-04,27.20203719421783
2005-05-05,20.987413051330712
2005-05-06,29.088459270719532
2005-05-09,35.494531706279915
2005-05-10,28.900426951149804
2005-05-11,38.59965934131992
2005-05-12,43.445901004632084
2005-05-13,58.35044409885817
2005-05-16,62.77147731183261
2005-05-17,60.46115708311571
2005-05-18,71.79189156494162
2005-05-19,60.884448401799006
2005-05-20,71.12503639997027
2005-05-23,67.66123865007316
2005-05-24,74.09599537919016
2005-05-25,72.02039402994883
2005-05-26,86.4889273184875
2005-05-27,83.62274283265727
2005-05-31,76.26556653173725
2005-06-01,76.92687930462108
2005-06-02,71.75484124651234
2005-06-03,68.2287573327134
2005-06-06,64.64362717850446
2005-06-07,57.742327552973435
2005-06-08,62.390028637182056
2005-06-09,65.7177754217198
2005-06-10,66.5082048846798
2005-06-13,66.86770610889752
2005-06-14,62.5914605858322
2005-06-15,62.024204872989515
2005-06-16,58.805264665523424
2005-06-17,54.70158909341161
2005-06-20,53.30540790625007
2005-06-21,51.96198763228004
2005-06-22,49.12065515892547
2005-06-23,46.20490423924909
2005-06-24,35.104494267801165
2005-06-27,31.56779083898434
2005-06-28,45.422711294055304
2005-06-29,43.52206382221961
2005-06-30,35.296753054344634
2005-07-01,41.95489270053651
2005-07-05,48.5776885496435
2005-07-06,48.25865318101419
2005-07-07,50.515814904385905
2005-07-08,56.68981876604911
2005-07-11,64.21344411490958
2005-07-12,64.65661949144838
2005-07-13,64.52913722328908
2005-07-14,65.74473445724118
2005-07-15,64.01284292707393
2005-07-18,62.17046800501468
2005-07-19,68.4861633121509
2005-07-20,72.09509315531986
2005-07-21,75.06093520995928
2005-07-22,79.31211226020862
2005-07-25,82.64529542026852
2005-07-26,87.77242486198028
2005-07-27,82.32557329168746
2005-07-28,83.97993070848548
2005-07-29,87.07760999166484
2005-08-01,88.29767648196898
2005-08-02,86.35856192173588
2005-08-03,88.65029745287868
2005-08-04,81.43427394782391
2005-08-05,68.52667014025887
2005-08-08,59.75848238056976
2005-08-09,58.773653651805446
2005-08-10,53.92525398669673
2005-08-11,53.946097798410044
2005-08-12,46.14429633860033
2005-08-15,51.18950626610263
2005-08-16,36.7856216994738
2005-08-17,36.56875765971942
2005-08-18,32.46036833815207
2005-08-19,33.576143650028015
2005-08-22,37.75600322742103
2005-08-23,33.5694284098613
2005-08-24,28.648510793930516
2005-08-25,28.126995980918522
2005-08-26,28.695080878724095
2005-08-29,28.9372535191868
2005-08-30,19.38500263331421
2005-08-31,22.179749668614328
2005-09-01,26.28946359789813
2005-09-02,25.870175481441894
2005-09-06,36.70558092724755
2005-09-07,37.59961686086143
2005-09-08,39.824883447312914
2005-09-09,39.565217208939394
2005-09-12,49.62965184947698
2005-09-13,42.190844698675704
2005-09-14,46.28085145981248
2005-09-15,43.398124976662864
2005-09-16,52.61165467146503
2005-09-19,48.34753851390834
2005-09-20,43.712034759373594
2005-09-21,37.85122008692799
2005-09-22,40.68083235365084
2005-09-23,43.427286921696144
2005-09-26,48.24153685613859
2005-09-27,43.44411180617027
2005-09-28,46.74133334891206
2005-09-29,52.73762927564674
2005-09-30,55.91710862724262
2005-10-03,59.676360073161874
2005-10-04,47.16979555806442
2005-10-05,34.339868950230866
2005-10-06,31.45809732094399
2005-10-07,30.7891128608187
2005-10-10,25.079923218773597
2005-10-11,24.79530449747535
2005-10-12,24.802294168636458
2005-10-13,28.26692803706695
2005-10-14,28.412773606171395
2005-10-17,34.22894550995976
2005-10-18,33.033892123369775
2005-10-19,49.92567480304914
2005-10-20,43.164622089163046
2005-10-21,41.83745848303778
2005-10-24,49.65097190581484
2005-10-25,50.88452626761454
2005-10-26,51.74616216286688
2005-10-27,33.890798784633404
2005-10-28,39.320682106010715
2005-10-31,42.71527114726965
2005-11-01,45.83217992369466
2005-11-02,65.43882505124579
2005-11-03,76.12301488641748
2005-11-04,77.36278825897743
2005-11-07,82.4780535883049
2005-11-08,83.8078395615478
2005-11-09,91.66930672941787
2005-11-10,91.26357916390481
2005-11-11,87.00993994862941
2005-11-14,86.4016369331496
2005-11-15,86.00267213035877
2005-11-16,74.56220060202098
2005-11-17,88.82252238639038
2005-11-18,89.41437898344964
2005-11-21,81.56794494411825
2005-11-22,83.32994200137588
2005-11-23,87.08923711938598
2005-11-25,97.18797928772901
2005-11-28,82.63521067947809
2005-11-29,76.51466156819814
2005-11-30,76.09153053652244
2005-12-01,76.11818002633737
2005-12-02,72.30252103606742
2005-12-05,66.279133104422
2005-12-06,63.145786797051564
2005-12-07,65.05035341230192
2005-12-08,59.01235841335607
2005-12-09,60.216412377662536
2005-12-12,60.238348773722166
2005-12-13,59.562101956785696
2005-12-14,61.603542040999784
2005-12-15,63.32494401616657
2005-12-16,53.413608680475186
2005-12-19,42.334259685659504
2005-12-20,40.737783657882176
2005-12-21,41.67871905405166
2005-12-22,40.735161064471924
2005-12-23,40.74492458586924
2005-12-27,40.49624000080233
2005-12-28,41.656829263199896
2005-12-29,37.33150978940813
2005-12-30,23.644073472496984
2006-01-03,31.075919157447956
2006-01-04,38.2187149899556
2006-01-05,42.86464643597237
2006-01-06,52.1615062962687
2006-01-09,58.43750584169544
2006-01-10,55.78928546019618
2006-01-11,57.5159636351438
2006-01-12,52.39942590972862
2006-01-13,53.70018534577042
2006-01-17,49.67315732617584
2006-01-18,46.606454339649346
2006-01-19,61.57211417382828
2006-01-20,46.887236843116625
2006-01-23,43.71571049020175
2006-01-24,46.88239131186511
2006-01-25,48.73566381453005
2006-01-26,62.98498226147983
2006-01-27,66.31904998706801
2006-01-30,74.22293200127729
2006-01-31,76.8991077687849
2006-02-01,69.40290586665914
2006-02-02,57.44316338899356
2006-02-03,48.197772371997225
2006-02-06,39.63027422269145
2006-02-07,34.09670937926561
2006-02-08,38.106363878187295
2006-02-09,32.22615395132743
2006-02-10,39.32690366325706
2006-02-13,35.359232007249716
2006-02-14,45.37299454460521
2006-02-15,54.592153058217114
2006-02-16,52.00366893166541
2006-02-17,60.98344527075429
2006-02-21,57.351550257602
2006-02-22,56.027196907210126
2006-02-23,55.10069269431708
2006-02-24,50.2368804731552
2006-02-27,50.975880225111084
2006-02-28,39.06400602635751
2006-03-01,51.005048077830125
2006-03-02,49.44178359997215
2006-03-03,55.67802151622981
2006-03-06,59.00376456243182
2006-03-07,54.903812250224505
2006-03-08,57.65938411638884
2006-03-09,46.83038512393845
2006-03-10,53.2959760877605
2006-03-13,52.398199286145044
2006-03-14,62.93655217410124
2006-03-15,61.05047918140258
2006-03-16,51.81483133032782
2006-03-17,49.8727833732467
2006-03-20,56.083275067950616
2006-03-21,57.05921409824862
2006-03-22,55.10774572606819
2006-03-23,54.658954469752445
2006-03-24,53.624810383264744
2006-03-27,48.971680362581914
2006-03-28,59.43452299016289
2006-03-29,58.75840845556203
2006-03-30,60.448288033375434
2006-03-31,58.278269786441484
2006-04-03,61.31339141916136
2006-04-04,67.8259759534214
2006-04-05,70.81274436643619
2006-04-06,77.856688430536
2006-04-07,70.22960275079247
2006-04-10,66.27232997182921
2006-04-11,54.66536342893272
2006-04-12,52.2399970094486
2006-04-13,62.561521683820686
2006-04-17,55.08834342176513
2006-04-18,64.3968557731344
2006-04-19,72.67523375271543
2006-04-20,68.58776283841405
2006-04-21,63.180095644282616
2006-04-24,58.48301148082268
2006-04-25,58.750559138065974
2006-04-26,61.04308257220441
2006-04-27,53.38335281671166
2006-04-28,41.39321689325268
2006-05-01,42.406941804223116
2006-05-02,42.788825055241134
2006-05-03,40.092050748781894
2006-05-04,43.30686143089906
2006-05-05,44.916258084992506
2006-05-08,49.630186078232455
2006-05-09,49.90563857824588
2006-05-10,51.8989377554367
2006-05-11,37.10375100199101
2006-05-12,26.300079622067773
2006-05-15,28.80461955568106
2006-05-16,14.203343503801484
2006-05-17,1.8181953201572654
2006-05-18,0.0
2006-05-19,6.243692923204399
2006-05-22,2.526323330895771
2006-05-23,0.0
2006-05-24,0.0
2006-05-25,5.689869243373863
2006-05-26,17.498783187868845
2006-05-30,8.882445386816748
2006-05-31,10.863788851480415
2006-06-01,22.739931470749642
2006-06-02,13.659149077174028
2006-06-05,0.0
2006-06-06,0.0
2006-06-07,0.0
2006-06-08,0.0
2006-06-09,5.623025473507745
2006-06-12,0.33973623955350263
2006-06-13,0.0
2006-06-14,7.672874540221997
2006-06-15,32.48290200197971
2006-06-16,36.18761540318141
2006-06-19,27.94596329190819
2006-06-20,33.75559104163051
2006-06-21,45.87421557487255
2006-06-22,40.90807237295125
2006-06-23,32.285053612009634
2006-06-26,33.60205922140251
2006-06-27,34.33700826598084
2006-06-28,36.17879679170156
2006-06-29,40.655186451554044
2006-06-30,39.52947212036516
2006-07-03,56.83217442042359
2006-07-05,51.296713095771295
2006-07-06,53.0646273769073
2006-07-07,46.693605074112064
2006-07-10,46.381347901335396
2006-07-11,61.02238896366733
2006-07-12,56.46490641080444
2006-07-13,38.09820466134192
2006-07-14,15.03226730840769
2006-07-17,18.30335802129915
2006-07-18,26.26047507168849
2006-07-19,35.59243334159194
2006-07-20,13.205967268702238
2006-07-21,11.479968826911637
2006-07-24,22.963058261991716
2006-07-25,22.80137587422332
2006-07-26,31.132927905427735
2006-07-27,21.780965595215317
2006-07-28,15.675357524270666
2006-07-31,17.23441162157524
2006-08-01,3.971310651922259
2006-08-02,15.244233609158478
2006-08-03,19.797919378859703
2006-08-04,24.694200436933816
2006-08-07,25.7436112583146
2006-08-08,18.713038394886727
2006-08-09,30.231274617527628
2006-08-10,45.735072125982676
2006-08-11,48.297761682479425
2006-08-14,52.220056807689524
2006-08-15,60.494876277618076
2006-08-16,59.73251410808901
2006-08-17,76.85080866736678
2006-08-18,83.31481174642315
2006-08-21,63.74096132350341
2006-08-22,59.88672373011205
2006-08-23,57.3975856111291
2006-08-24,63.279477881962215
2006-08-25,52.748659668194826
2006-08-28,63.01524779211596
2006-08-29,76.06861808663338
2006-08-30,74.64940166323137
2006-08-31,65.81512617266581
2006-09-01,72.86938861642648
2006-09-05,81.42973769343905
2006-09-06,74.69261990637382
2006-09-07,69.69848333095086
2006-09-08,68.64572134932658
2006-09-11,75.04411712001063
2006-09-12,82.85389779775889
2006-09-13,73.34414519471363
2006-09-14,65.80709936322334
2006-09-15,65.96344239844319
2006-09-18,65.89696601054916
2006-09-19,64.47697120005363
2006-09-20,72.95591840128999
2006-09-21,70.16111606288246
2006-09-22,61.820672889223836
2006-09-25,69.29490695496168
2006-09-26,67.08082251228838
2006-09-27,64.04530055168499
2006-09-28,64.30645757165527
2006-09-29,62.775341890601084
2006-10-02,53.184900326545595
2006-10-03,49.43259728731874
2006-10-04,72.68350261160094
2006-10-05,83.78470160147216
2006-10-06,82.12567567366423
2006-10-09,82.55389028299618
2006-10-10,72.7497420058752
2006-10-11,68.83489615488728
2006-10-12,78.21830541425095
2006-10-13,79.23130658708979
2006-10-16,79.74962759995205
2006-10-17,80.68881856801282
2006-10-18,69.20621036198438
2006-10-19,78.32135260656065
2006-10-20,86.08773596362141
2006-10-23,83.04498740227655
2006-10-24,75.15410024483573
2006-10-25,76.63799905241854
2006-10-26,77.45155789841984
2006-10-27,74.06036621616559
2006-10-30,84.45402319434203
2006-10-31,77.94372128685272
2006-11-01,55.66592998526844
2006-11-02,50.652823026119506
2006-11-03,52.74020693782902
2006-11-06,58.6115520808431
2006-11-07,56.80362963848311
2006-11-08,59.61901052900793
2006-11-09,46.566900281849186
2006-11-10,45.52419350425235
2006-11-13,49.58848759467941
2006-11-14,61.15149819951661
2006-11-15,68.74510264172042
2006-11-16,70.16999680787356
2006-11-17,67.15165077305394
2006-11-20,63.4780575984104
2006-11-21,66.79130347737548
2006-11-22,67.88428729328113
2006-11-24,61.652902819927064
2006-11-27,55.27834438087358
2006-11-28,52.209611976682766
2006-11-29,63.50372593217356
2006-11-30,69.37748865330424
2006-12-01,61.66353174697155
2006-12-04,68.5699927492418
2006-12-05,59.73004514532711
2006-12-06,58.75717560783013
2006-12-07,51.50695059079191
2006-12-08,60.17753830368497
2006-12-11,57.7284972919973
2006-12-12,47.73589396098016
2006-12-13,45.52194457692289
2006-12-14,46.92081816316368
2006-12-15,44.82681944665535
2006-12-18,41.59097388827434
2006-12-19,38.664586966512736
2006-12-20,38.22230411363991
2006-12-21,30.00497691441232
2006-12-22,30.727903674423054
2006-12-26,50.149198548890716
2006-12-27,56.503609549122146
2006-12-28,49.97253262506629
2006-12-29,50.20035492373896
2007-01-03,57.70511947271429
2007-01-04,54.353061356412375
2007-01-05,49.05519985049121
2007-01-08,50.094843241580534
2007-01-09,56.8280789326688
2007-01-10,56.538597666305094
2007-01-11,65.33062989456582
2007-01-12,75.50284961490313
2007-01-16,69.95211938313565
2007-01-17,59.78642232618938
2007-01-18,47.292811545068496
2007-01-19,56.327764935098735
2007-01-22,51.589224503643216
2007-01-23,54.09701394805907
2007-01-24,69.36601461317355
2007-01-25,63.72424726023145
2007-01-26,61.026211832543424
2007-01-29,55.44655544062171
2007-01-30,57.25316526705921
2007-01-31,62.713133573747335
2007-02-01,62.90249338793973
2007-02-02,58.005094234098
2007-02-05,60.10664008124033
2007-02-06,57.13888128717859
2007-02-07,60.33101225370676
2007-02-08,53.82135976680952
2007-02-09,38.02470383035597
2007-02-12,30.2034510968507
2007-02-13,34.99396453988018
2007-02-14,43.787294415191106
2007-02-15,57.00610098491896
2007-02-16,52.9664598003002
2007-02-20,64.64375919247952
2007-02-21,64.74145125544683
2007-02-22,57.46975389261577
2007-02-23,60.176271746058625
2007-02-26,53.95789252111881
2007-02-27,19.198177984557567
2007-02-28,18.96185072748492
2007-03-01,15.574894701759263
2007-03-02,2.1025053428989224
2007-03-05,0.0
2007-03-06,8.965007581886994
2007-03-07,6.632634770346044
2007-03-08,6.0674878929095755
2007-03-09,9.981969694936716
2007-03-12,18.880656410430806
2007-03-13,3.723270455142135
2007-03-14,8.01019890790117
2007-03-15,5.797850816914064
2007-03-16,4.000262573111925
2007-03-19,11.649909489404934
2007-03-20,10.521472189832814
2007-03-21,20.29709957474776
2007-03-22,18.1417566638657
2007-03-23,23.26927058124486
2007-03-26,28.618109720109
2007-03-27,55.453621265146495
2007-03-28,49.110670780153484
2007-03-29,53.32869971826422
2007-03-30,64.70226879965071
2007-04-02,71.72183017232697
2007-04-03,67.12261923998565
2007-04-04,73.19188376332244
2007-04-05,73.47249850625185
2007-04-09,72.20160476514123
2007-04-10,70.79623033403257
2007-04-11,84.05139335655713
2007-04-12,82.95539370751354
2007-04-13,84.07214343777578
2007-04-16,92.0771702017215
2007-04-17,82.41843421543672
2007-04-18,75.74268300998015
2007-04-19,62.19099696932804
2007-04-20,67.33697025480429
2007-04-23,64.75058407683593
2007-04-24,63.61512089980197
2007-04-25,75.51837574439791
2007-04-26,84.68713224238715
2007-04-27,84.4651183489126
2007-04-30,70.89940166566343
2007-05-01,73.79151526533138
2007-05-02,71.54033459072551
2007-05-03,73.09130217288482
2007-05-04,69.20374235792175
2007-05-07,66.79512169290031
2007-05-08,65.1105702275287
2007-05-09,72.44479063277748
2007-05-10,53.349225812593836
2007-05-11,57.99263093086123
2007-05-14,47.23753092340072
2007-05-15,44.97394284576718
2007-05-16,53.708265840405524
2007-05-17,54.2608060500697
2007-05-18,55.62403180524849
2007-05-21,63.46142431224414
2007-05-22,67.7643709967984
2007-05-23,58.11214974051422
2007-05-24,43.486748889217544
2007-05-25,48.81255987340203
2007-05-29,68.06122631013618
2007-05-30,71.4843684674658
2007-05-31,65.27757599326446
2007-06-01,67.16651346980566
2007-06-04,67.2059009053232
2007-06-05,67.62557411913987
2007-06-06,60.025142207492074
2007-06-07,48.64900533433775
2007-06-08,71.11389468755387
2007-06-11,62.59813358781685
2007-06-12,64.14882361428614
2007-06-13,76.86884543140675
2007-06-14,76.6233166914314
2007-06-15,82.67482769924658
2007-06-18,73.72009071404412
2007-06-19,65.88452852605332
2007-06-20,55.81132525540855
2007-06-21,63.65138639386137
2007-06-22,65.60422593792214
2007-06-25,53.99431565527967
2007-06-26,48.97021508889304
2007-06-27,51.21324147371767
2007-06-28,52.18767858284951
2007-06-29,39.943404259663026
2007-07-02,46.072558998892085
2007-07-03,51.49799395855948
2007-07-05,65.62537611946145
2007-07-06,79.6674038111625
2007-07-09,69.07331832106027
2007-07-10,55.3092717670702
2007-07-11,62.578449645559324
2007-07-12,70.53760679271943
2007-07-13,65.66186178910775
2007-07-16,55.243766180582675
2007-07-17,62.17277159201964
2007-07-18,57.95395923757773
2007-07-19,70.6120160313138
2007-07-20,53.34498165974517
2007-07-23,63.646804548551685
2007-07-24,54.32490413568868
2007-07-25,54.830663860715596
2007-07-26,27.510359708477168
2007-07-27,15.678263638801411
2007-07-30,30.157518165828918
2007-07-31,9.086869486862895
2007-08-01,5.837408589618001
2007-08-02,5.414218293698717
2007-08-03,0.0
2007-08-06,0.0
2007-08-07,10.46815751861132
2007-08-08,24.119995520136563
2007-08-09,0.0
2007-08-10,0.0
2007-08-13,0.0
2007-08-14,0.0
2007-08-15,0.0
2007-08-16,0.0
2007-08-17,0.0
2007-08-20,0.0
2007-08-21,0.0
2007-08-22,8.046191583954204
2007-08-23,23.369710370208807
2007-08-24,42.95240166219153
2007-08-27,30.698495704197715
2007-08-28,24.474756338214526
2007-08-29,40.42683846653496
2007-08-30,32.54176775501005
2007-08-31,59.657126465837834
2007-09-04,58.012989531430776
2007-09-05,43.013901202316696
2007-09-06,28.78320135826897
2007-09-07,27.77498149314853
2007-09-10,28.53727921468919
2007-09-11,41.542598889760605
2007-09-12,55.388542121209504
2007-09-13,74.65734570363902
2007-09-14,78.46121468458392
2007-09-17,57.76615079036477
2007-09-18,77.09060555437516
2007-09-19,79.91263810480365
2007-09-20,71.43414050961094
2007-09-21,77.09776866178845
2007-09-24,64.52352883494619
2007-09-25,73.4732333722238
2007-09-26,98.54973522032788
2007-09-27,80.82839751523936
2007-09-28,77.9803488445005
2007-10-01,80.39007319259224
2007-10-02,71.4534913502047
2007-10-03,77.72337334202086
2007-10-04,74.62339252054997
2007-10-05,100.0
2007-10-08,100.0
2007-10-09,100.0
2007-10-10,100.0
2007-10-11,92.1392811429201
2007-10-12,100.0
2007-10-15,99.47495212302431
2007-10-16,76.05694270779487
2007-10-17,74.42967425352496
2007-10-18,72.47212407556628
2007-10-19,47.345082702303664
2007-10-22,55.86809154595756
2007-10-23,63.6295460926229
2007-10-24,51.23260578238315
2007-10-25,44.61792835499997
2007-10-26,63.24461917124597
2007-10-29,57.16862034753516
2007-10-30,56.64115072184783
2007-10-31,71.11622436082035
2007-11-01,50.925978339882235
2007-11-02,35.95961775247516
2007-11-05,31.963941706249795
2007-11-06,35.78194615273309
2007-11-07,14.37266876308356
2007-11-08,8.141782164723054
2007-11-09,0.0
2007-11-12,0.0
2007-11-13,7.013496049175842
2007-11-14,0.0
2007-11-15,0.0
2007-11-16,12.936167027998955
2007-11-19,0.0
2007-11-20,0.0
2007-11-21,0.0
2007-11-23,0.0
2007-11-26,0.0
2007-11-27,0.0
2007-11-28,0.0
2007-11-29,0.0
2007-11-30,0.7471584234884716
2007-12-03,0.0
2007-12-04,0.0
2007-12-05,0.0
2007-12-06,24.88986076843613
2007-12-07,42.90452003549808
2007-12-10,63.64053099204074
2007-12-11,52.47019702615416
2007-12-12,37.28350140882447
2007-12-13,45.76054331742699
2007-12-14,50.33743442556901
2007-12-17,31.08518220057172
2007-12-18,46.46251263336444
2007-12-19,46.29884625838817
2007-12-20,63.69061601468911
2007-12-21,72.27727411831904
2007-12-24,98.27536245924121
2007-12-26,89.51547534020241
2007-12-27,53.66017962311423
2007-12-28,51.335618601152134
2007-12-31,45.08739270639596
2008-01-02,39.05688280463262
2008-01-03,42.472713604852565
2008-01-04,6.125754854026191
2008-01-07,0.0
2008-01-08,0.0
2008-01-09,0.0
2008-01-10,5.3933494312307815
2008-01-11,0.0
2008-01-14,0.0
2008-01-15,0.0
2008-01-16,0.0
2008-01-17,0.0
2008-01-18,0.0
2008-01-22,0.0
2008-01-23,0.0
2008-01-24,0.0
2008-01-25,0.0
2008-01-28,0.0
2008-01-29,0.0
2008-01-30,0.0
2008-01-31,0.0
2008-02-01,0.23179767844226973
2008-02-04,16.599966375618052
2008-02-05,0.8968024039518099
2008-02-06,6.5808854315089675
2008-02-07,7.21027316394575
2008-02-08,3.1280636358505802
2008-02-11,17.256248294124724
2008-02-12,11.642514961584737
2008-02-13,37.280468941864385
2008-02-14,35.50397484420066
2008-02-15,44.610477529723994
2008-02-19,46.686983577485044
2008-02-20,68.29619689705626
2008-02-21,51.682002764392635
2008-02-22,39.451934267976725
2008-02-25,57.010546009726774
2008-02-26,54.350359487988975
2008-02-27,52.30588099778603
2008-02-28,45.93265664145363
2008-02-29,20.266458697286833
2008-03-03,14.313353016691487
2008-03-04,21.7319739621687
2008-03-05,42.87353054116205
2008-03-06,35.84297544287989
2008-03-07,26.227908394894676
2008-03-10,14.404569862481395
2008-03-11,36.28988233458945
2008-03-12,27.2214771611035
2008-03-13,22.60065637937812
2008-03-14,14.0849184527995
2008-03-17,7.509319902741694
2008-03-18,30.166058696736197
2008-03-19,9.764507357942172
2008-03-20,29.609480430085366
2008-03-24,50.765583162575396
2008-03-25,43.77013681839735
2008-03-26,37.37913904641389
2008-03-27,27.63875484817512
2008-03-28,30.326543415848775
2008-03-31,50.58637363198113
2008-04-01,76.2533419408997
2008-04-02,74.67698043597589
2008-04-03,71.75629477780637
2008-04-04,84.36651775341309
2008-04-07,89.49558112739038
2008-04-08,97.9009499001433
2008-04-09,63.81929179768711
2008-04-10,79.860915995948
2008-04-11,57.60488066873613
2008-04-14,70.6042945397145
2008-04-15,84.51032866467452
2008-04-16,78.81325572472632
2008-04-17,93.63938790739078
2008-04-18,96.89802969569115
2008-04-21,75.0727845422064
2008-04-22,67.08218299592292
2008-04-23,77.4695616197707
2008-04-24,94.25828432158295
2008-04-25,99.73185745521494
2008-04-28,97.65043935544608
2008-04-29,75.51051024766481
2008-04-30,68.50534972010522
2008-05-01,81.58106475988305
2008-05-02,84.39670245324733
2008-05-05,80.10436997623049
2008-05-06,88.59608278849778
2008-05-07,86.5786297077638
2008-05-08,78.643990376013
2008-05-09,91.94010233078487
2008-05-12,100.0
2008-05-13,100.0
2008-05-14,87.05159228004204
2008-05-15,92.85061246716555
2008-05-16,78.7224511981167
2008-05-19,75.46649125625324
2008-05-20,74.6362150190586
2008-05-21,61.27054037681683
2008-05-22,59.687944462421505
2008-05-23,53.56769328088933
2008-05-27,63.73550323628154
2008-05-28,66.89766842391859
2008-05-29,78.647988263037
2008-05-30,65.31305221070934
2008-06-02,54.98124646907757
2008-06-03,53.6276227362974
2008-06-04,55.05925417239796
2008-06-05,75.16807752203786
2008-06-06,57.25942356839926
2008-06-09,59.528331771579275
2008-06-10,51.96673662867565
2008-06-11,34.96323331205222
2008-06-12,40.01083423211839
2008-06-13,46.06371415283586
2008-06-16,49.98723241489889
2008-06-17,48.212771545924035
2008-06-18,47.21895857075088
2008-06-19,62.21845464761035
2008-06-20,43.62230791232717
2008-06-23,45.98111052974154
2008-06-24,31.28447844431454
2008-06-25,34.61269752923619
2008-06-26,10.369471560373448
2008-06-27,8.510365892564096
2008-06-30,10.37402610510523
2008-07-01,16.940563341872853
2008-07-02,0.24030232160017562
2008-07-03,0.0
2008-07-07,4.304041417184621
2008-07-08,12.420335983595344
2008-07-09,0.0
2008-07-10,13.863125020271191
2008-07-11,8.38252254019882
2008-07-14,0.0
2008-07-15,0.0
2008-07-16,8.445230351082614
2008-07-17,22.93459837458916
2008-07-18,11.19694427089619
2008-07-21,21.52416167424449
2008-07-22,30.43392853268404
2008-07-23,40.91564600102312
2008-07-24,22.475137621116325
2008-07-25,49.12335706607657
2008-07-28,39.307807191080876
2008-07-29,57.35017070050623
2008-07-30,56.88470457340716
2008-07-31,63.54335144308726
2008-08-01,62.15592620014376
2008-08-04,58.89051848824773
2008-08-05,63.357391083468904
2008-08-06,83.98765146067754
2008-08-07,71.30648120118714
2008-08-08,84.55778327570592
2008-08-11,98.53805418074435
2008-08-12,94.86699581801356
2008-08-13,76.55937367959856
2008-08-14,72.80841882131242
2008-08-15,76.80137415638119
2008-08-18,69.86977052902496
2008-08-19,57.7477069407854
2008-08-20,51.754293869226025
2008-08-21,63.66447742656936
2008-08-22,62.50139241743159
2008-08-25,63.193264874444836
2008-08-26,50.54073326521152
2008-08-27,52.162355215143464
2008-08-28,63.664845594856644
2008-08-29,56.59319666934729
2008-09-02,55.74663151998358
2008-09-03,37.672872346972376
2008-09-04,15.702730455792455
2008-09-05,23.53279124434962
2008-09-08,14.414993915221487
2008-09-09,0.0
2008-09-10,4.662416685444995
2008-09-11,10.765021931169535
2008-09-12,9.201070405228549
2008-09-15,0.0
2008-09-16,3.0103687549931735
2008-09-17,0.0
2008-09-18,8.023635856526361
2008-09-19,28.812209413431198
2008-09-22,5.301036378509217
2008-09-23,10.980924037488506
2008-09-24,10.295172353691953
2008-09-25,15.449481267131802
2008-09-26,9.71944849567847
2008-09-29,0.0
2008-09-30,4.067237008517154
2008-10-01,1.956541019080177
2008-10-02,0.0
2008-10-03,0.0
2008-10-06,0.0
2008-10-07,0.0
2008-10-08,0.0
2008-10-09,0.0
2008-10-10,0.0
2008-10-13,3.1502472878773773
2008-10-14,0.0
2008-10-15,0.0
2008-10-16,0.0
2008-10-17,0.0
2008-10-20,0.0
2008-10-21,0.0
2008-10-22,0.0
2008-10-23,0.0
2008-10-24,0.0
2008-10-27,0.0
2008-10-28,0.0
2008-10-29,0.0
2008-10-30,13.860264055846997
2008-10-31,23.564298979685205
2008-11-03,39.96855694463843
2008-11-04,67.59522951775696
2008-11-05,45.97785126556821
2008-11-06,48.32179124016575
2008-11-07,54.608153755715
2008-11-10,7.272494376384962
2008-11-11,11.764978366652208
2008-11-12,22.445109969493583
2008-11-13,27.271269176449486
2008-11-14,9.79535974756994
2008-11-17,0.0
2008-11-18,6.086404855230562
2008-11-19,0.3689408221583079
2008-11-20,0.0
2008-11-21,9.272019531873738
2008-11-24,41.14270330294972
2008-11-25,2.8555368126713176
2008-11-26,14.868129108889924
2008-11-28,4.121463914231491
2008-12-01,0.0
2008-12-02,0.0
2008-12-03,0.0
2008-12-04,0.0
2008-12-05,19.374062361123638
2008-12-08,25.071478087672723
2008-12-09,23.8352082523479
2008-12-10,34.76180197095968
2008-12-11,41.63563353942604
2008-12-12,25.802304226861274
2008-12-15,37.664841173576214
2008-12-16,60.3097620757339
2008-12-17,58.33391587816151
2008-12-18,76.29460282254462
2008-12-19,100.0
2008-12-22,75.51239523509003
2008-12-23,48.30055232458123
2008-12-24,56.122574077380406
2008-12-26,42.06337119463309
2008-12-29,38.31856005601004
2008-12-30,77.14968964661911
2008-12-31,72.43970748903473
2009-01-02,78.1018250229921
2009-01-05,91.62009209627347
2009-01-06,76.8436553212903
2009-01-07,49.991225848735574
2009-01-08,60.608744529195874
2009-01-09,46.11363397968504
2009-01-12,50.80180533699737
2009-01-13,45.556974290968945
2009-01-14,39.95831669062548
2009-01-15,32.30679265333089
2009-01-16,41.76178061160746
2009-01-20,31.735930467115555
2009-01-21,44.93304381897625
2009-01-22,42.93962343237817
2009-01-23,48.10244586074425
2009-01-26,49.832668566972785
2009-01-27,51.482950608691134
2009-01-28,70.33783844067602
2009-01-29,59.76225170390869
2009-01-30,45.13842234613681
2009-02-02,33.3928922476709
2009-02-03,40.38400184207155
2009-02-04,37.26757237616232
2009-02-05,53.42791093150622
2009-02-06,61.43449415473432
2009-02-09,71.94647352259327
2009-02-10,63.21779862245588
2009-02-11,61.97287949989261
2009-02-12,77.77470519556991
2009-02-13,72.69722897499483
2009-02-17,49.835291632613256
2009-02-18,69.40284009042301
2009-02-19,48.216342710686604
2009-02-20,54.696395939626036
2009-02-23,40.07428499135533
2009-02-24,49.927548912885186
2009-02-25,47.19766967459428
2009-02-26,27.529218989686168
2009-02-27,31.101368602039134
2009-03-02,23.29310057148724
2009-03-03,22.16572728647993
2009-03-04,24.02556735929755
2009-03-05,9.185313459391473
2009-03-06,4.145749161806997
2009-03-09,0.0
2009-03-10,10.119879824537769
2009-03-11,27.50142530133037
2009-03-12,37.74696825251236
2009-03-13,36.40964357239807
2009-03-16,31.207283572288922
2009-03-17,61.13622394351437
2009-03-18,58.258550410576674
2009-03-19,60.83309345444843
2009-03-20,56.36993749861766
2009-03-23,92.63382152208385
2009-03-24,69.43501172039367
2009-03-25,74.70511550826559
2009-03-26,92.01783626393282
2009-03-27,86.90542972091535
2009-03-30,93.1950939137842
2009-03-31,97.70701613957459
2009-04-01,92.33011805341454
2009-04-02,100.0
2009-04-03,100.0
2009-04-06,100.0
2009-04-07,96.04596901730677
2009-04-08,98.6658410226429
2009-04-09,100.0
2009-04-13,97.89957567067009
2009-04-14,96.77081612818887
2009-04-15,81.75352262231601
2009-04-16,92.90281112433264
2009-04-17,96.37312799420334
2009-04-20,87.54301130583796
2009-04-21,73.452544543807
2009-04-22,82.70437586949723
2009-04-23,79.62434633102816
2009-04-24,80.56903400247327
2009-04-27,84.3201275535705
2009-04-28,94.64004958996895
2009-04-29,98.91971865591805
2009-04-30,94.49347132688845
2009-05-01,83.16781841433334
2009-05-04,85.22205013630642
2009-05-05,85.93793904744614
2009-05-06,96.16177728220526
2009-05-07,84.38332768932992
2009-05-08,75.39588183040779
2009-05-11,73.53011505438747
2009-05-12,76.96518287883006
2009-05-13,66.48889265549825
2009-05-14,61.977089752657726
2009-05-15,58.38468149018887
2009-05-18,82.57237142675679
2009-05-19,75.21919061031541
2009-05-20,72.03495252479811
2009-05-21,67.54809945148901
2009-05-22,59.67847200143324
2009-05-26,75.60072354559401
2009-05-27,73.6931732201324
2009-05-28,68.94469376266431
2009-05-29,69.32443494562655
2009-06-01,80.85863312412206
2009-06-02,73.75492050460568
2009-06-03,72.28054174453068
2009-06-04,77.9584808201488
2009-06-05,86.82219676126856
2009-06-08,82.3866136305293
2009-06-09,87.40027814824796
2009-06-10,89.63249873976736
2009-06-11,100.0
2009-06-12,94.43760920895622
2009-06-15,87.46184640228503
2009-06-16,72.60148698306742
2009-06-17,74.19836187746292
2009-06-18,78.24687348501055
2009-06-19,84.67592079729664
2009-06-22,72.49116521673889
2009-06-23,59.92734468755249
2009-06-24,67.0263038663595
2009-06-25,67.31465721470991
2009-06-26,67.66796735331862
2009-06-29,56.38229535826865
2009-06-30,53.744316099104424
2009-07-01,58.17886137744022
2009-07-02,43.61614437021585
2009-07-06,39.20191618867414
2009-07-07,32.01974631545812
2009-07-08,28.631923541239452
2009-07-09,30.810685631107592
2009-07-10,30.088449466240483
2009-07-13,38.02485157513836
2009-07-14,47.69811999240425
2009-07-15,64.44322913810944
2009-07-16,64.73124500653441
2009-07-17,63.72428390998172
2009-07-20,64.06951592193631
2009-07-21,74.6465608676601
2009-07-22,78.28537176532643
2009-07-23,82.2500077096863
2009-07-24,76.56342446215052
2009-07-27,76.58167044566459
2009-07-28,76.95167724008597
2009-07-29,77.83958256253558
2009-07-30,78.02444507355152
2009-07-31,83.70021335094589
2009-08-03,92.17532179279996
2009-08-04,100.0
2009-08-05,100.0
2009-08-06,94.89783236135337
2009-08-07,100.0
2009-08-10,90.45018528544159
2009-08-11,83.71570728451516
2009-08-12,75.37553268045679
2009-08-13,72.83629568331185
2009-08-14,67.48708136542898
2009-08-17,55.12749284325163
2009-08-18,60.42590287927997
2009-08-19,59.32934981128668
2009-08-20,52.529267730263385
2009-08-21,60.60773648022673
2009-08-24,57.64323514154089
2009-08-25,57.16118278603132
2009-08-26,57.80574149551317
2009-08-27,57.07945913725785
2009-08-28,59.747112320102254
2009-08-31,49.37234137167184
2009-09-01,42.15151764090127
2009-09-02,42.696104318280575
2009-09-03,48.30869320012043
2009-09-04,49.20190526101404
2009-09-08,54.53687400764033
2009-09-09,62.04282884276426
2009-09-10,59.58878495291597
2009-09-11,58.610610544554696
2009-09-14,65.38771164999072
2009-09-15,77.31028695650224
2009-09-16,77.210527388118
2009-09-17,73.70770892099576
2009-09-18,73.21555238786917
2009-09-21,67.23558833926442
2009-09-22,69.54807848599799
2009-09-23,66.30361738135124
2009-09-24,62.73457822629327
2009-09-25,59.00481197655016
2009-09-28,64.63306308474662
2009-09-29,68.11139198663263
2009-09-30,73.77809554067487
2009-10-01,64.30231423334756
2009-10-02,60.354777547558605
2009-10-05,57.06716392956012
2009-10-06,59.564916309878
2009-10-07,56.13952081093565
2009-10-08,56.724193609610325
2009-10-09,61.728329923933686
2009-10-12,58.52330368699284
2009-10-13,55.951889598032366
2009-10-14,57.152884339150134
2009-10-15,59.903917381269736
2009-10-16,54.93532419646138
2009-10-19,56.358636439949294
2009-10-20,53.554351367656885
2009-10-21,55.09620400645913
2009-10-22,61.27924172643229
2009-10-23,63.836826926356984
2009-10-26,57.9020422212636
2009-10-27,53.42224599164268
2009-10-28,46.49937534582688
2009-10-29,62.60313644643624
2009-10-30,54.27452343630885
2009-11-02,52.34145504011092
2009-11-03,48.70570812317233
2009-11-04,49.26806585567297
2009-11-05,53.18298120181689
2009-11-06,49.40687681988505
2009-11-09,55.16429207515709
2009-11-10,55.35031611210254
2009-11-11,51.39739660028136
2009-11-12,48.152677578626054
2009-11-13,53.49800312522931
2009-11-16,54.06990440540753
2009-11-17,56.774700162019485
2009-11-18,56.539991879743866
2009-11-19,49.011436795293044
2009-11-20,47.96022676871679
2009-11-23,52.835489741028425
2009-11-24,55.90399758911357
2009-11-25,64.59498147669079
2009-11-27,52.187737054853955
2009-11-30,61.792454870449575
2009-12-01,65.98751689418087
2009-12-02,66.24025172055246
2009-12-03,65.0187452438844
2009-12-04,62.90499114305112
2009-12-07,60.968282940317465
2009-12-08,52.49629245845819
2009-12-09,54.59194274111963
2009-12-10,54.89480281725322
2009-12-11,58.20706095531949
2009-12-14,58.77955855862908
2009-12-15,55.054446519279836
2009-12-16,55.513138071583604
2009-12-17,51.17713834957927
2009-12-18,61.411829705780214
2009-12-21,68.31522302920031
2009-12-22,66.9012687976563
2009-12-23,71.5514426817355
2009-12-24,74.40875512093403
2009-12-28,81.7720629104097
2009-12-29,81.08216189825667
2009-12-30,67.25167899349611
2009-12-31,62.60350465581949
2010-01-04,68.10014388111824
2010-01-05,62.12113373629792
2010-01-06,63.490140822217704
2010-01-07,66.3194054693733
2010-01-08,66.49031204935746
2010-01-11,63.82117195936945
2010-01-12,57.05079468294423
2010-01-13,58.16615970020546
2010-01-14,59.46076811132497
2010-01-15,53.79879601276505
2010-01-19,63.99153382440757
2010-01-20,54.17424384132242
2010-01-21,44.16930545387307
2010-01-22,33.236774145584064
2010-01-25,31.971427748952046
2010-01-26,27.58052807016769
2010-01-27,29.081290706504603
2010-01-28,23.87494161978152
2010-01-29,27.591185659446634
2010-02-01,33.85420337835909
2010-02-02,31.700515990286213
2010-02-03,33.64446215744657
2010-02-04,23.47575599812901
2010-02-05,25.086375052249434
2010-02-08,21.41706920516332
2010-02-09,26.205380135657773
2010-02-10,32.1175008674778
2010-02-11,32.002417811481706
2010-02-12,32.019210391559376
2010-02-16,39.761588926326894
2010-02-17,38.38233079738318
2010-02-18,45.310231541148255
2010-02-19,49.9283953249353
2010-02-22,57.954610368282076
2010-02-23,51.26087435547057
2010-02-24,55.48666671405862
2010-02-25,51.55843819801122
2010-02-26,56.93517746574454
2010-03-01,67.50163984102186
2010-03-02,64.19402302735583
2010-03-03,61.709992429526444
2010-03-04,62.31039058448097
2010-03-05,79.37928341937774
2010-03-08,78.75437805412238
2010-03-09,81.55511708028385
2010-03-10,79.67343007022437
2010-03-11,80.78490484180878
2010-03-12,75.91570509662623
2010-03-15,74.71418421299822
2010-03-16,72.06031209654907
2010-03-17,70.15281130612924
2010-03-18,68.20063916549357
2010-03-19,65.61765630300755
2010-03-22,68.03188801217307
2010-03-23,76.48033311039431
2010-03-24,73.37654061760621
2010-03-25,74.6451761485814
2010-03-26,74.60708683616573
2010-03-29,69.85680053552383
2010-03-30,69.63496117980861
2010-03-31,66.75116104440269
2010-04-01,66.03197188868877
2010-04-05,65.98914367392064
2010-04-06,65.10250276319977
2010-04-07,62.51679941821953
2010-04-08,60.649595303066164
2010-04-09,61.295212784821985
2010-04-12,61.09096868777709
2010-04-13,62.513061364167
2010-04-14,66.55827003568008
2010-04-15,66.1953187402997
2010-04-16,59.877031473828815
2010-04-19,62.19175046036603
2010-04-20,62.54044070368058
2010-04-21,59.7670932089308
2010-04-22,61.77365630771402
2010-04-23,63.57251433749712
2010-04-26,63.01733845930001
2010-04-27,54.49335012926209
2010-04-28,55.10834019918769
2010-04-29,62.66162983672828
2010-04-30,53.557439958191075
2010-05-03,53.431514503083655
2010-05-04,42.78278103487834
2010-05-05,41.141404231768995
2010-05-06,28.155877311403575
2010-05-07,20.354103741452416
2010-05-10,35.46450134471509
2010-05-11,34.678574539443936
2010-05-12,36.186977641836975
2010-05-13,31.448698190198165
2010-05-14,29.527318290407955
2010-05-17,30.608696813127416
2010-05-18,22.483716609314502
2010-05-19,20.710288856532983
2010-05-20,5.67490847096834
2010-05-21,7.12889491636146
2010-05-24,6.825984332207284
2010-05-25,13.915356374544317
2010-05-26,11.474217017255292
2010-05-27,19.044546506589917
2010-05-28,22.42141305518006
2010-06-01,13.225382009309591
2010-06-02,30.863217685608255
2010-06-03,37.34692413870678
2010-06-04,36.311463264106976
2010-06-07,35.90419854210929
2010-06-08,22.028316621547255
2010-06-09,20.64319778423539
2010-06-10,24.014870478471305
2010-06-11,29.680613546072326
2010-06-14,36.774210929383074
2010-06-15,43.51311482868308
2010-06-16,49.06690230204491
2010-06-17,50.5661049385664
2010-06-18,65.57569979096671
2010-06-21,59.49743374978445
2010-06-22,56.47959351819657
2010-06-23,55.829327241859176
2010-06-24,52.480298433673
2010-06-25,40.48312411712408
2010-06-28,43.40338432631347
2010-06-29,36.211961581284775
2010-06-30,23.843819260156774
2010-07-01,20.354524016698534
2010-07-02,31.856196399406038
2010-07-06,38.00010888965206
2010-07-07,46.859089391267474
2010-07-08,51.024723297367615
2010-07-09,44.29336507615869
2010-07-12,42.35904913818731
2010-07-13,48.67715014202511
2010-07-14,40.00969204256793
2010-07-15,39.58588849341598
2010-07-16,30.067514841734344
2010-07-19,32.4318305868462
2010-07-20,37.491683666314636
2010-07-21,36.643144516802735
2010-07-22,46.43833957551992
2010-07-23,55.11591647315836
2010-07-26,58.5617587634765
2010-07-27,59.628251467551046
2010-07-28,68.12853746674915
2010-07-29,70.26761090582738
2010-07-30,69.67309696106793
2010-08-02,77.2101098645743
2010-08-03,74.44273521421155
2010-08-04,67.72198369523775
2010-08-05,63.02722212186343
2010-08-06,57.99739614476253
2010-08-09,60.53190612499559
2010-08-10,48.63727902968373
2010-08-11,39.33796430330639
2010-08-12,38.64786861450766
2010-08-13,46.10577322689208
2010-08-16,42.95383324060288
2010-08-17,44.46945366672996
2010-08-18,51.27898827610507
2010-08-19,37.28454977897232
2010-08-20,34.71949239497878
2010-08-23,28.174218526117887
2010-08-24,22.641673205942492
2010-08-25,29.883880718388557
2010-08-26,28.32386973838755
2010-08-27,36.66427664466427
2010-08-30,25.04497094375701
2010-08-31,25.68539174436506
2010-09-01,31.81964917758196
2010-09-02,37.53778282337203
2010-09-03,44.345320940253615
2010-09-07,37.34590247255525
2010-09-08,45.34301968788355
2010-09-09,57.308017218649
2010-09-10,60.31304219008314
2010-09-13,68.10365449155788
2010-09-14,67.63106520985681
2010-09-15,65.01320982926234
2010-09-16,64.58280877631779
2010-09-17,71.54445439537177
2010-09-20,75.26189983451866
2010-09-21,76.00080100431434
2010-09-22,80.46190675672351
2010-09-23,75.67080121577173
2010-09-24,87.91328100515456
2010-09-27,77.43398571705916
2010-09-28,84.76078310499378
2010-09-29,86.73930678169361
2010-09-30,74.47993055957292
2010-10-01,70.32136541285217
2010-10-04,60.514116342054464
2010-10-05,72.54080557242574
2010-10-06,65.30734095238597
2010-10-07,62.80752659090521
2010-10-08,63.501364780773685
2010-10-11,58.43069711058054
2010-10-12,61.42513243010001
2010-10-13,62.04179723263752
2010-10-14,61.68304784616481
2010-10-15,65.37550042449169
2010-10-18,60.69936941701435
2010-10-19,57.04135601390857
2010-10-20,61.78770858539298
2010-10-21,64.43911742936433
2010-10-22,58.51986639733588
2010-10-25,63.296379984440726
2010-10-26,64.95136836800845
2010-10-27,67.30861251399114
2010-10-28,67.73468838558817
2010-10-29,65.8344992725659
2010-11-01,69.96109330758998
2010-11-02,65.58184382488167
2010-11-03,69.36115419110703
2010-11-04,73.01264572862173
2010-11-05,71.78917453739507
2010-11-08,72.08145223197086
2010-11-09,68.69375394022114
2010-11-10,67.09820376931383
2010-11-11,63.50362273582842
2010-11-12,54.85854147841711
2010-11-15,56.789623702519144
2010-11-16,55.88130007842161
2010-11-17,54.30980131753911
2010-11-18,58.746184602170345
2010-11-19,56.3458519570803
2010-11-22,54.79605477075443
2010-11-23,46.460168877021694
2010-11-24,53.59531533060765
2010-11-26,52.86105189699626
2010-11-29,52.727678974654836
2010-11-30,47.85628267669061
2010-12-01,54.540998443170935
2010-12-02,59.592304190329045
2010-12-03,56.70134446957721
2010-12-06,54.06916971348313
2010-12-07,58.141033454952584
2010-12-08,62.58317512622462
2010-12-09,62.17428441375838
2010-12-10,70.0301599144084
2010-12-13,70.74215786098381
2010-12-14,70.59484686725466
2010-12-15,78.54191023797344
2010-12-16,78.9339986945659
2010-12-17,70.91685047775916
2010-12-20,70.97644212180015
2010-12-21,73.17925528296291
2010-12-22,80.98366024208121
2010-12-23,70.37966437671273
2010-12-27,72.22056349542328
2010-12-28,75.84627545420497
2010-12-29,79.118132306027
2010-12-30,60.12507906628956
2010-12-31,51.17004516476299
2011-01-03,56.39922877964637
2011-01-04,55.70668856800605
2011-01-05,56.733197108513146
2011-01-06,52.49592199580893
2011-01-07,47.95154609695792
2011-01-10,42.713155984610246
2011-01-11,47.97078061748721
2011-01-12,48.454800574217366
2011-01-13,47.272758015176464
2011-01-14,48.44512181726892
2011-01-18,51.83320790881589
2011-01-19,44.8407089093773
2011-01-20,41.14850363656867
2011-01-21,37.02083738487701
2011-01-24,40.89821981887109
2011-01-25,39.821226603744506
2011-01-26,42.38053819196363
2011-01-27,46.15988474082789
2011-01-28,42.722983346384666
2011-01-31,48.20996982396473
2011-02-01,50.52410926927653
2011-02-02,53.13074433375163
2011-02-03,49.55938381119954
2011-02-04,53.39469362125412
2011-02-07,58.88263444657333
2011-02-08,62.80763553142438
2011-02-09,58.24761749990127
2011-02-10,56.119022798267984
2011-02-11,59.458313696372485
2011-02-14,57.3070730196523
2011-02-15,52.90792578998038
2011-02-16,62.50352546842814
2011-02-17,63.38032130220176
2011-02-18,66.24909048630681
2011-02-22,48.37193361281772
2011-02-23,45.35155601195057
2011-02-24,42.82821887195404
2011-02-25,46.969414529365906
2011-02-28,57.1256786376259
2011-03-01,48.23696504033102
2011-03-02,41.851651451958006
2011-03-03,50.72896694792455
2011-03-04,43.620447159086595
2011-03-07,33.98328444219092
2011-03-08,34.789888847001045
2011-03-09,27.208625367221725
2011-03-10,19.629094405188503
2011-03-11,20.795939860782582
2011-03-14,15.890321568922857
2011-03-15,9.418839920939476
2011-03-16,1.7493778617712792
2011-03-17,2.6383451719823583
2011-03-18,5.0256805101132045
2011-03-21,13.706501530334066
2011-03-22,26.08106039042075
2011-03-23,32.857581524428916
2011-03-24,38.246960564695655
2011-03-25,34.39447836892418
2011-03-28,33.958478501786246
2011-03-29,45.698840188184846
2011-03-30,44.95617946709936
2011-03-31,35.457798488936405
2011-04-01,41.5001812718345
2011-04-04,46.04057990733388
2011-04-05,44.08341327400403
2011-04-06,50.802175729964006
2011-04-07,60.07965764462564
2011-04-08,55.668444183804034
2011-04-11,57.51282871098661
2011-04-12,57.346146868600094
2011-04-13,70.76311134421094
2011-04-14,66.89633435436397
2011-04-15,63.719491880708325
2011-04-18,47.98987951227149
2011-04-19,51.04919460312049
2011-04-20,58.495674418753985
2011-04-21,53.42331661596987
2011-04-25,51.71326844877788
2011-04-26,55.777056343223315
2011-04-27,54.669644589325316
2011-04-28,51.49947437264989
2011-04-29,49.887405432093686
2011-05-02,47.008913668787784
2011-05-03,44.341665951696115
2011-05-04,39.48827573921935
2011-05-05,33.10798827926388
2011-05-06,36.28961263922927
2011-05-09,39.858691751079306
2011-05-10,48.13231962960784
2011-05-11,49.5836480828504
2011-05-12,50.933040150376144
2011-05-13,43.83511912431896
2011-05-16,36.361070640290805
2011-05-17,42.30543342164898
2011-05-18,47.219660036151005
2011-05-19,38.204765194183715
2011-05-20,31.351397787363783
2011-05-23,23.76174973384409
2011-05-24,19.69292959452255
2011-05-25,18.015707232597023
2011-05-26,21.1600004751755
2011-05-27,24.52284159617035
2011-05-31,30.917711818348764
2011-06-01,22.02508668112885
2011-06-02,27.27574518888375
2011-06-03,23.001231760988233
2011-06-06,16.667984775998775
2011-06-07,14.266598626152827
2011-06-08,3.6131053290032753
2011-06-09,11.640083937398309
2011-06-10,1.300797958722491
2011-06-13,7.114416950313824
2011-06-14,24.27654865622048
2011-06-15,14.134803096598588
2011-06-16,6.21404967891614
2011-06-17,4.0346730383225875
2011-06-20,10.538680885973179
2011-06-21,27.81065023257989
2011-06-22,26.942074721834924
2011-06-23,26.30368599828021
2011-06-24,17.50545138892072
2011-06-27,22.38346817843787
2011-06-28,27.853546872482106
2011-06-29,44.00642561070842
2011-06-30,47.5424936909711
2011-07-01,63.20454026473171
2011-07-05,68.03212689829388
2011-07-06,69.51080144119452
2011-07-07,83.3834044357069
2011-07-08,74.29754119251521
2011-07-11,70.3380426704599
2011-07-12,66.62116286929135
2011-07-13,59.30736062134983
2011-07-14,65.89859797299118
2011-07-15,71.6336762688596
2011-07-18,68.62292084061497
2011-07-19,76.04298799317313
2011-07-20,64.22277499663781
2011-07-21,72.54238749916787
2011-07-22,74.3652974282245
2011-07-25,80.1642163657956
2011-07-26,70.88485188988355
2011-07-27,48.24530709091308
2011-07-28,44.25851419887719
2011-07-29,32.363795716081
2011-08-01,21.60280959046217
2011-08-02,7.109487133766841
2011-08-03,10.949110732349553
2011-08-04,0.0
2011-08-05,0.0
2011-08-08,0.0
2011-08-09,0.0
2011-08-10,0.0
2011-08-11,0.0
2011-08-12,0.0
2011-08-15,0.0
2011-08-16,0.0
2011-08-17,0.0
2011-08-18,0.0
2011-08-19,0.0
2011-08-22,0.0
2011-08-23,0.0
2011-08-24,0.0
2011-08-25,0.0
2011-08-26,0.0
2011-08-29,13.353346605030275
2011-08-30,27.243861232348618
2011-08-31,23.96872066911194
2011-09-01,41.17365396169931
2011-09-02,29.778149743146994
2011-09-06,62.17984502996599
2011-09-07,55.998054654589886
2011-09-08,72.70302187734474
2011-09-09,38.444781161028004
2011-09-12,43.212163917700266
2011-09-13,40.958992099410125
2011-09-14,54.528524022380864
2011-09-15,64.7010108739045
2011-09-16,91.32355488923895
2011-09-19,94.991114043323
2011-09-20,89.5108219431051
2011-09-21,60.627090055013966
2011-09-22,38.62327811307229
2011-09-23,55.311596027654076
2011-09-26,52.663200160954055
2011-09-27,44.09460273523338
2011-09-28,34.787523635570786
2011-09-29,32.542708136734575
2011-09-30,27.300883883618006
2011-10-03,23.843545614541316
2011-10-04,37.44889029477979
2011-10-05,34.69109122688648
2011-10-06,48.44956120127402
2011-10-07,56.695732741463544
2011-10-10,67.55714467058692
2011-10-11,63.4196268886615
2011-10-12,60.616825126317075
2011-10-13,55.16607935948277
2011-10-14,61.26280556094781
2011-10-17,55.07361660012667
2011-10-18,65.41827458880458
2011-10-19,65.37709716832461
2011-10-20,81.576623687735
2011-10-21,80.7769284949281
2011-10-24,84.34393450209319
2011-10-25,65.55111367194505
2011-10-26,78.59745488083797
2011-10-27,97.46624316401552
2011-10-28,100.0
2011-10-31,100.0
2011-11-01,83.4696574119207
2011-11-02,77.89104379742565
2011-11-03,78.11769827834854
2011-11-04,78.88309123001095
2011-11-07,63.534017097545195
2011-11-08,67.0779379099991
2011-11-09,45.233476114481206
2011-11-10,45.40367138231501
2011-11-11,46.273749829339
2011-11-14,51.46619700186868
2011-11-15,49.652869681714286
2011-11-16,50.46305471042676
2011-11-17,42.35120710416817
2011-11-18,35.13249159626498
2011-11-21,17.896224693590682
2011-11-22,28.018479293572014
2011-11-23,14.804536556796378
2011-11-25,0.0
2011-11-28,12.97650826748778
2011-11-29,22.838674044993297
2011-11-30,52.61959845431938
2011-12-01,48.54791646985674
2011-12-02,38.25112014075659
2011-12-05,44.906366281395606
2011-12-06,43.35647237531954
2011-12-07,36.417506079908
2011-12-08,44.33422636080982
2011-12-09,51.771265848782036
2011-12-12,37.354968880482886
2011-12-13,35.94209288455549
2011-12-14,24.972505266820804
2011-12-15,32.879927883185296
2011-12-16,42.04197291837337
2011-12-19,38.16758625087853
2011-12-20,60.42748200063597
2011-12-21,58.01538491148203
2011-12-22,72.23753464120452
2011-12-23,78.55138556391623
2011-12-27,65.20726052368163
2011-12-28,60.01830349045443
2011-12-29,28.90065125667036
2011-12-30,25.54481959272304
2012-01-03,34.22489852502347
2012-01-04,30.239908019675457
2012-01-05,33.77477643176692
2012-01-06,35.211381270591374
2012-01-09,44.474606273245826
2012-01-10,39.577705691838624
2012-01-11,45.868440074063905
2012-01-12,54.37054482334492
2012-01-13,58.419086770785874
2012-01-17,60.151081848443425
2012-01-18,65.99241869400583
2012-01-19,76.14053741182474
2012-01-20,61.58472812930413
2012-01-23,65.05730597488258
2012-01-24,61.81305693380198
2012-01-25,60.264361787838105
2012-01-26,56.053255198271486
2012-01-27,64.56340727957816
2012-01-30,77.14609955240893
2012-01-31,78.75346272932913
2012-02-01,76.04296077778233
2012-02-02,77.37211075148295
2012-02-03,82.04996939704897
2012-02-06,81.02005537706277
2012-02-07,82.56122409967878
2012-02-08,79.67099503397935
2012-02-09,81.62639467983382
2012-02-10,74.48930136577333
2012-02-13,81.68734210312944
2012-02-14,78.86168450973975
2012-02-15,68.95175850397078
2012-02-16,72.38892253363225
2012-02-17,70.72297958995517
2012-02-21,70.95016658135924
2012-02-22,67.27818610865336
2012-02-23,67.61116349009221
2012-02-24,71.83260821548649
2012-02-27,70.09993355265297
2012-02-28,74.04347020566789
2012-02-29,72.67226931683331
2012-03-01,70.99206731964952
2012-03-02,66.50630977624377
2012-03-05,55.45505297598228
2012-03-06,49.81852044722282
2012-03-07,52.428127293199815
2012-03-08,56.337701252605775
2012-03-09,56.6015046105299
2012-03-12,60.70732201927789
2012-03-13,66.34200663175257
2012-03-14,69.88064096848962
2012-03-15,74.35920919448975
2012-03-16,66.89051428967011
2012-03-19,72.238675803448
2012-03-20,71.7930730716298
2012-03-21,73.8562286886342
2012-03-22,68.47877621497005
2012-03-23,67.50343895479568
2012-03-26,75.37142637069792
2012-03-27,71.08569853478099
2012-03-28,71.60048094912794
2012-03-29,65.42649316006528
2012-03-30,65.61994430449298
2012-04-02,72.1348291014978
2012-04-03,80.33209636401855
2012-04-04,68.15414154140811
2012-04-05,63.479681432577486
2012-04-09,53.94452588170972
2012-04-10,45.242642314224476
2012-04-11,40.415041716055875
2012-04-12,42.72885835860818
2012-04-13,33.732121269622915
2012-04-16,30.526669431181013
2012-04-17,33.717355145504314
2012-04-18,32.10154434084424
2012-04-19,29.95130159302577
2012-04-20,31.35841521744855
2012-04-23,26.87295859985362
2012-04-24,19.65808730975015
2012-04-25,30.298402632116762
2012-04-26,33.98260254961308
2012-04-27,38.43284154603512
2012-04-30,37.69616342892553
2012-05-01,35.72509472606257
2012-05-02,35.23975039227324
2012-05-03,37.88686867234341
2012-05-04,27.28669463579436
2012-05-07,34.156029218778684
2012-05-08,41.01127176970053
2012-05-09,34.65442261528618
2012-05-10,29.430764932366138
2012-05-11,36.23268775384115
2012-05-14,33.919082949700766
2012-05-15,25.612971800362722
2012-05-16,24.69731903690336
2012-05-17,19.14709612927287
2012-05-18,15.062919503284114
2012-05-21,29.274207510203095
2012-05-22,28.754185758456007
2012-05-23,20.79330343495393
2012-05-24,17.52301966583112
2012-05-25,14.819189862386402
2012-05-29,23.101123752727133
2012-05-30,15.235091088380457
2012-05-31,11.779454631428294
2012-06-01,3.9308695278357177
2012-06-04,16.737609138414477
2012-06-05,19.513117230245886
2012-06-06,32.267120338948274
2012-06-07,31.79213151933836
2012-06-08,35.43636199696515
2012-06-11,27.961591772866647
2012-06-12,39.72296425130749
2012-06-13,35.94850378982484
2012-06-14,41.77635160146392
2012-06-15,55.899662278138706
2012-06-18,64.44073289560188
2012-06-19,59.300455394013234
2012-06-20,61.00386161030809
2012-06-21,48.67658063701512
2012-06-22,55.62655703856124
2012-06-25,46.72629036233335
2012-06-26,44.766536135657276
2012-06-27,54.723609255460424
2012-06-28,52.82021413720468
2012-06-29,80.19421692394684
2012-07-02,77.9865027771394
2012-07-03,78.71778969200275
2012-07-05,66.11310292994813
2012-07-06,62.021271461038786
2012-07-09,56.170129430143305
2012-07-10,59.973388529509585
2012-07-11,51.51266243556761
2012-07-12,52.66946317573151
2012-07-13,55.91744429038668
2012-07-16,48.92287904894784
2012-07-17,48.165808738889936
2012-07-18,46.723151054848245
2012-07-19,49.2566541443434
2012-07-20,53.628882458352834
2012-07-23,42.22860212389458
2012-07-24,47.406319323871635
2012-07-25,42.65082174331472
2012-07-26,46.09532120230548
2012-07-27,62.443105916955076
2012-07-30,46.68440474063785
2012-07-31,43.791082396462656
2012-08-01,37.82211801008064
2012-08-02,35.99529312447715
2012-08-03,52.40440396700239
2012-08-06,56.85906825925704
2012-08-07,66.67468361542441
2012-08-08,68.16549264907968
2012-08-09,73.35749849782223
2012-08-10,66.25225945691447
2012-08-13,68.95516842815542
2012-08-14,66.40211290961639
2012-08-15,65.25701199236755
2012-08-16,67.03102681885326
2012-08-17,75.22733783719644
2012-08-20,80.94268164744888
2012-08-21,84.19089348490883
2012-08-22,84.2900613531908
2012-08-23,74.13495509591776
2012-08-24,64.96390078440153
2012-08-27,67.26483065890471
2012-08-28,69.15072739452694
2012-08-29,72.3297580366713
2012-08-30,69.01969033514908
2012-08-31,59.25355017729732
2012-09-04,57.8055775691507
2012-09-05,51.908473175246954
2012-09-06,63.35725323899249
2012-09-07,61.56079802056308
2012-09-10,56.89581559092749
2012-09-11,57.497150115208065
2012-09-12,59.39862235972519
2012-09-13,61.085013675031064
2012-09-14,61.552204307503786
2012-09-17,59.108852529758394
2012-09-18,58.72232647646029
2012-09-19,60.42718557661257
2012-09-20,60.86258522907145
2012-09-21,64.53326036416915
2012-09-24,58.293212593711814
2012-09-25,52.00733475511583
2012-09-26,47.280904044246476
2012-09-27,53.02589921780865
2012-09-28,55.22894438626011
2012-10-01,53.74828009992701
2012-10-02,53.134608213998966
2012-10-03,55.9028837958258
2012-10-04,47.44522346789626
2012-10-05,47.01626841653232
2012-10-08,47.91561651181195
2012-10-09,40.606246992232165
2012-10-10,36.56926417119709
2012-10-11,30.86177138466185
2012-10-12,24.422382136315257
2012-10-15,28.462567008517063
2012-10-16,35.43398335072875
2012-10-17,37.53363428718238
2012-10-18,34.461217104993615
2012-10-19,23.699993000242603
2012-10-22,29.890724430629973
2012-10-23,31.308498289710982
2012-10-24,34.97784596871648
2012-10-25,30.513129663103733
2012-10-26,32.627451214566875
2012-10-31,30.265692136340977
2012-11-01,36.01680040610457
2012-11-02,28.513587574564745
2012-11-05,27.649898277729807
2012-11-06,31.709183890188246
2012-11-07,22.748465228691707
2012-11-08,22.140469564666805
2012-11-09,25.47487598721674
2012-11-12,26.198270660781496
2012-11-13,23.637994506231873
2012-11-14,15.489928754570805
2012-11-15,8.095301430784666
2012-11-16,7.952727593703031
2012-11-19,21.866813524518946
2012-11-20,33.495541838276104
2012-11-21,32.61643150277831
2012-11-23,44.11065567222352
2012-11-26,46.15873171356549
2012-11-27,42.24840381933966
2012-11-28,46.7714009013093
2012-11-29,53.11679255888977
2012-11-30,45.15088541039885
2012-12-03,50.044736013388004
2012-12-04,46.997962278838195
2012-12-05,39.85574543072505
2012-12-06,55.853685677699254
2012-12-07,61.863949636322275
2012-12-10,61.79208086031065
2012-12-11,67.76549633114222
2012-12-12,70.92945944574501
2012-12-13,74.43222831601437
2012-12-14,72.42431161505003
2012-12-17,77.55083688291298
2012-12-18,74.53175790661776
2012-12-19,71.74880012879862
2012-12-20,70.74965699082112
2012-12-21,59.12413161589238
2012-12-24,56.77617379159
2012-12-26,55.171460373731406
2012-12-27,50.897323988541565
2012-12-28,40.23655222041808
2012-12-31,50.75323772958711
2013-01-02,67.02347699455227
2013-01-03,68.05157568403095
2013-01-04,72.27208174904645
2013-01-07,68.929225685422
2013-01-08,68.85849944435759
2013-01-09,69.17273964231123
2013-01-10,66.38286319506649
2013-01-11,66.70318792359105
2013-01-14,68.09088897101107
2013-01-15,70.36546490735947
2013-01-16,63.53736471411133
2013-01-17,59.47903309266762
2013-01-18,60.85646488586557
2013-01-22,60.78348450682707
2013-01-23,67.3243063407362
2013-01-24,65.46232177371118
2013-01-25,74.29695109801028
2013-01-28,76.3850929388466
2013-01-29,84.46888744407565
2013-01-30,72.53604237091204
2013-01-31,56.63022354471343
2013-02-01,63.01812259634674
2013-02-04,54.242422705007236
2013-02-05,61.79666918716079
2013-02-06,61.99527695995384
2013-02-07,59.79414616595707
2013-02-08,60.85864957552569
2013-02-11,61.21644804174637
2013-02-12,62.03634876710613
2013-02-13,65.74846888458197
2013-02-14,64.22100718817053
2013-02-15,59.73438265520133
2013-02-19,63.85348539485768
2013-02-20,55.47261217247442
2013-02-21,48.427079121020235
2013-02-22,55.91397710312796
2013-02-25,42.51155676883759
2013-02-26,43.42422634990928
2013-02-27,47.869799070135784
2013-02-28,49.12741489438565
2013-03-01,50.35101584569986
2013-03-04,46.75662313206008
2013-03-05,61.5362485495727
2013-03-06,55.66405350814092
2013-03-07,59.10171759411886
2013-03-08,62.91797706241735
2013-03-11,59.87340590691126
2013-03-12,57.4036013857054
2013-03-13,58.16191130602116
2013-03-14,57.77876886273208
2013-03-15,56.44078316005909
2013-03-18,54.49637004099691
2013-03-19,48.859319156422856
2013-03-20,60.867884909157006
2013-03-21,61.52965671180307
2013-03-22,60.16698775329084
2013-03-25,67.235121103831
2013-03-26,67.6609824796981
2013-03-27,62.040708465222686
2013-03-28,63.648031579042744
2013-04-01,58.80551277120584
2013-04-02,58.854879893518635
2013-04-03,46.23475024533084
2013-04-04,45.398564972328735
2013-04-05,39.774597486004026
2013-04-08,39.47411160614751
2013-04-09,40.5230559714831
2013-04-10,52.170695605924195
2013-04-11,52.21522790039664
2013-04-12,48.29440830351797
2013-04-15,38.95082692736143
2013-04-16,49.147366163371935
2013-04-17,42.20982017040835
2013-04-18,32.42424626634744
2013-04-19,43.47835307473203
2013-04-22,43.85071289817963
2013-04-23,50.8295288848942
2013-04-24,48.420679456876734
2013-04-25,51.98506933957534
2013-04-26,48.88895473967596
2013-04-29,57.01462942196659
2013-04-30,56.93039303184441
2013-05-01,58.81957311912668
2013-05-02,64.67226788658284
2013-05-03,75.73559464538756
2013-05-06,74.93442722096243
2013-05-07,73.02279236535391
2013-05-08,65.71781075013831
2013-05-09,64.6673365606163
2013-05-10,72.01950663548354
2013-05-13,85.24277195782703
2013-05-14,81.22045192035286
2013-05-15,91.15758618610154
2013-05-16,94.87238627552871
2013-05-17,94.41972179794666
2013-05-20,89.9976038549567
2013-05-21,84.84852153897101
2013-05-22,81.19938498234322
2013-05-23,77.17305458384172
2013-05-24,79.35496268574259
2013-05-28,82.39315262967875
2013-05-29,76.32238346171778
2013-05-30,84.11149754865792
2013-05-31,73.05284467644748
2013-06-03,67.05599426512643
2013-06-04,62.3263962313146
2013-06-05,55.13186804327679
2013-06-06,55.47875101345675
2013-06-07,63.95488738064666
2013-06-10,60.02844809696683
2013-06-11,53.585118316913324
2013-06-12,45.9303232792428
2013-06-13,49.41792215696031
2013-06-14,47.659838919003796
2013-06-17,45.81726545437994
2013-06-18,50.45690971688806
2013-06-19,49.24359030347118
2013-06-20,42.56459991352043
2013-06-21,45.613462615108176
2013-06-24,41.90047062079019
2013-06-25,38.5265307771146
2013-06-26,44.25635285269749
2013-06-27,42.90324691215115
2013-06-28,47.75688303956601
2013-07-01,50.68318212744181
2013-07-02,52.42750204359449
2013-07-03,61.46254398438711
2013-07-05,68.50604776950237
2013-07-08,59.028252683680854
2013-07-09,59.854972989360164
2013-07-10,68.47903610959621
2013-07-11,77.12503725485263
2013-07-12,76.47073070443369
2013-07-15,80.15056664836888
2013-07-16,74.37964366170002
2013-07-17,70.06883119988946
2013-07-18,72.10939543085408
2013-07-19,78.21994111296301
2013-07-22,77.78676915633947
2013-07-23,79.44009828163914
2013-07-24,77.04872610672955
2013-07-25,77.23292857517343
2013-07-26,75.8360562741838
2013-07-29,74.23468915305142
2013-07-30,72.43950186890233
2013-07-31,73.29514088355813
2013-08-01,80.49083810375207
2013-08-02,69.20805864107315
2013-08-05,71.32970966981536
2013-08-06,65.27210654354441
2013-08-07,59.627238299280094
2013-08-08,57.00474526932028
2013-08-09,51.40376061520401
2013-08-12,53.744519128004036
2013-08-13,59.47073753504557
2013-08-14,56.97987343756538
2013-08-15,48.37130928030822
2013-08-16,53.76238261607313
2013-08-19,51.23255652862261
2013-08-20,55.37054122347245
2013-08-21,53.659043808204835
2013-08-22,56.87959889732906
2013-08-23,57.00131620630363
2013-08-26,57.594571460811935
2013-08-27,39.83740997266715
2013-08-28,43.551462554231755
2013-08-29,35.76434857544187
2013-08-30,32.48499008371594
2013-09-03,36.53675817872899
2013-09-04,48.09583190475963
2013-09-05,55.64954731923095
2013-09-06,51.2651240837817
2013-09-09,59.109845411136234
2013-09-10,62.21877708180443
2013-09-11,54.07886385991516
2013-09-12,55.040000570058645
2013-09-13,64.39032071591797
2013-09-16,61.0283043746558
2013-09-17,65.78905616582341
2013-09-18,64.64501504129122
2013-09-19,67.01416333640024
2013-09-20,56.465766186925556
2013-09-23,53.43184016715345
2013-09-24,53.437859960484865
2013-09-25,66.88778415543013
2013-09-26,67.54825970310154
2013-09-27,61.32074309877669
2013-09-30,63.32309623253708
2013-10-01,66.43656614781251
2013-10-02,56.83719750536837
2013-10-03,44.54045137605526
2013-10-04,53.59351840571243
2013-10-07,40.74382348314937
2013-10-08,23.0298982014401
2013-10-09,23.72225435647576
2013-10-10,39.24059524921308
2013-10-11,43.32496292963101
2013-10-14,50.60160976341661
2013-10-15,43.127333306710284
2013-10-16,48.04822971432096
2013-10-17,47.15740980390164
2013-10-18,58.265763479324065
2013-10-21,61.848265849388646
2013-10-22,61.82680171530857
2013-10-23,60.562651427959395
2013-10-24,59.22015518181805
2013-10-25,63.14431322927549
2013-10-28,65.62207799002206
2013-10-29,58.2685647477412
2013-10-30,57.60437312514223
2013-10-31,63.19473283606139
2013-11-01,58.18539281290597
2013-11-04,67.13266217194612
2013-11-05,81.73108476663155
2013-11-06,81.84665632325397
2013-11-07,52.83825847610018
2013-11-08,62.33087804526133
2013-11-11,57.319358123809366
2013-11-12,62.05938674915713
2013-11-13,61.80073153880038
2013-11-14,58.91779756209012
2013-11-15,53.09622884178593
2013-11-18,43.95008066574759
2013-11-19,44.03892985963334
2013-11-20,47.100403499067255
2013-11-21,50.666111286522124
2013-11-22,51.83248334856199
2013-11-25,52.19253498876939
2013-11-26,53.26516313596696
2013-11-27,61.249773725275844
2013-11-29,65.00423950778905
2013-12-02,62.075334202008264
2013-12-03,58.18359168171878
2013-12-04,58.30352587980628
2013-12-05,61.10862938466347
2013-12-06,80.26783017561573
2013-12-09,66.22043013391982
2013-12-10,62.907894540347
2013-12-11,53.28795949336533
2013-12-12,48.110393204212855
2013-12-13,49.596379623241766
2013-12-16,51.478807177350134
2013-12-17,54.170936445817475
2013-12-18,64.99944784942724
2013-12-19,65.32164253624757
2013-12-20,64.75031355719658
2013-12-23,69.99217705057418
2013-12-24,72.88527676947332
2013-12-26,72.01293690980856
2013-12-27,64.5494812487899
2013-12-30,61.28582174235544
2013-12-31,66.57960489405141
2014-01-02,61.71856934689858
2014-01-03,58.4726834836505
2014-01-06,53.782169357459374
2014-01-07,54.68437376577143
2014-01-08,58.045378900083136
2014-01-09,58.99747143561338
2014-01-10,66.47462853073885
2014-01-13,53.88103639474592
2014-01-14,67.07884612545152
2014-01-15,68.58678163239534
2014-01-16,72.75873903419081
2014-01-17,59.25570667852792
2014-01-21,64.83124160992082
2014-01-22,60.91643860099562
2014-01-23,45.185703280994765
2014-01-24,25.60339965534138
2014-01-27,17.75891929101261
2014-01-28,21.30034784479962
2014-01-29,13.619051098027725
2014-01-30,21.513965462580746
2014-01-31,22.373068597944762
2014-02-03,3.800339313447168
2014-02-04,14.992675053573699
2014-02-05,7.4456774620119575
2014-02-06,11.78473198397699
2014-02-07,23.36146780679409
2014-02-10,28.394430313748554
2014-02-11,49.304933670328616
2014-02-12,38.24097851005742
2014-02-13,36.439600674245305
2014-02-14,38.907427652827366
2014-02-18,45.94521173374795
2014-02-19,35.64881691039308
2014-02-20,37.71081454041868
2014-02-21,43.555147735749685
2014-02-24,66.3704508494207
2014-02-25,70.84910616844262
2014-02-26,67.84665748081314
2014-02-27,82.61643074352173
2014-02-28,67.13737478003274
2014-03-03,66.32711015801135
2014-03-04,100.0
2014-03-05,96.57613921387613
2014-03-06,99.68686302979435
2014-03-07,89.04845491044117
2014-03-10,77.63658882918529
2014-03-11,69.19893641435723
2014-03-12,60.89496922491086
2014-03-13,45.87547512614475
2014-03-14,38.87092407045716
2014-03-17,45.171673198879695
2014-03-18,49.13337796927405
2014-03-19,55.021299716941414
2014-03-20,51.492752745965575
2014-03-21,45.36923283181381
2014-03-24,32.59828816204903
2014-03-25,36.00982558800515
2014-03-26,25.61609896941384
2014-03-27,17.997331006934907
2014-03-28,21.956557108136327
2014-03-31,32.624856466157915
2014-04-01,30.829380619340725
2014-04-02,33.15068501212165
2014-04-03,26.16872163908078
2014-04-04,6.365685669324137
2014-04-07,0.0
2014-04-08,7.6427326466367305
2014-04-09,17.237446062373174
2014-04-10,6.9321362001317794
2014-04-11,0.10016420774739743
2014-04-14,0.0
2014-04-15,0.0
2014-04-16,2.1176420051933675
2014-04-17,3.7221432986674827
2014-04-21,14.81995118651028
2014-04-22,28.302361982265996
2014-04-23,20.887025277869615
2014-04-24,35.70159642173002
2014-04-25,26.726137743679864
2014-04-28,25.024982851417487
2014-04-29,25.804463898773893
2014-04-30,12.779589714546056
2014-05-01,10.536173201827928
2014-05-02,16.02071166117439
2014-05-05,39.71669135314391
2014-05-06,39.34216825624095
2014-05-07,30.98359260574559
2014-05-08,16.768061022187645
2014-05-09,43.2734703127332
2014-05-12,66.80739590913116
2014-05-13,57.87891402455855
2014-05-14,48.89397780703242
2014-05-15,32.12311639544403
2014-05-16,32.22118053406156
2014-05-19,33.64979615113107
2014-05-20,20.772839199619913
2014-05-21,33.44240083926232
2014-05-22,34.09526688213178
2014-05-23,52.09180092461226
2014-05-27,60.49045078448867
2014-05-28,51.156695414977506
2014-05-29,56.59672997334659
2014-05-30,54.14488466770567
2014-06-02,55.67334492341461
2014-06-03,53.74560810300601
2014-06-04,67.39045965884665
2014-06-05,78.73076065200613
2014-06-06,87.84394283054564
2014-06-09,87.20247194442372
2014-06-10,73.4718286953317
2014-06-11,75.56846480509455
2014-06-12,75.52641075994467
2014-06-13,85.98249222805376
2014-06-16,83.5957714006914
2014-06-17,81.61266571177262
2014-06-18,90.45187329375355
2014-06-19,82.91458964222178
2014-06-20,79.39166106428847
2014-06-23,74.8011817429777
2014-06-24,59.97733181949391
2014-06-25,68.69791766501748
2014-06-26,62.99275084295356
2014-06-27,66.99770623557407
2014-06-30,66.75305831285641
2014-07-01,75.58571673438396
2014-07-02,74.07145624638375
2014-07-03,72.90904122046958
2014-07-07,61.03892961727809
2014-07-08,45.26158457905679
2014-07-09,48.46083077991456
2014-07-10,44.898885284491826
2014-07-11,55.13916580614405
2014-07-14,57.85085021539098
2014-07-15,51.71239558270551
2014-07-16,48.458085572533214
2014-07-17,33.06975985355038
2014-07-18,46.311214407655086
2014-07-21,43.46227019997114
2014-07-22,47.4162744368837
2014-07-23,55.77993852690157
2014-07-24,52.94343961076674
2014-07-25,48.436597650047176
2014-07-28,45.64184311983486
2014-07-29,44.44456395827713
2014-07-30,40.54254441934346
2014-07-31,21.782711305321268
2014-08-01,9.57751451032788
2014-08-04,20.645585816080597
2014-08-05,28.176394977775832
2014-08-06,23.150588500217573
2014-08-07,22.97127751085657
2014-08-08,27.294455339836375
2014-08-11,27.017712906930797
2014-08-12,29.11539661115111
2014-08-13,33.90221286514911
2014-08-14,50.15620728177515
2014-08-15,37.547295979227556
2014-08-18,47.68350980502021
2014-08-19,46.23231242271382
2014-08-20,45.07337328202907
2014-08-21,43.66675034912519
2014-08-22,50.82454982956716
2014-08-25,54.31595025781246
2014-08-26,57.13414739176262
2014-08-27,49.29184833218086
2014-08-28,64.51741997819153
2014-08-29,74.07546502492109
2014-09-02,74.87768082709816
2014-09-03,74.77541410533675
2014-09-04,74.6090653539098
2014-09-05,84.01165227680987
2014-09-08,78.87154954587288
2014-09-09,67.54553335840133
2014-09-10,76.42863233204176
2014-09-11,70.51881424779322
2014-09-12,65.63044652334494
2014-09-15,55.08271638048566
2014-09-16,52.031949971687574
2014-09-17,51.72205515623288
2014-09-18,55.905009099256205
2014-09-19,51.93430579075504
2014-09-22,39.944352680172685
2014-09-23,32.920503181239866
2014-09-24,39.97638160924204
2014-09-25,24.5962560084849
2014-09-26,36.358916132225026
2014-09-29,31.28508978749283
2014-09-30,23.168921178462178
2014-10-01,12.112089448401989
2014-10-02,15.295726743834948
2014-10-03,20.3339571768133
2014-10-06,13.433865195322142
2014-10-07,4.420463020973038
2014-10-08,8.882064756985024
2014-10-09,0.0
2014-10-10,0.0
2014-10-13,0.0
2014-10-14,0.0
2014-10-15,0.0
2014-10-16,0.0
2014-10-17,0.0
2014-10-20,0.0
2014-10-21,12.428042899212443
2014-10-22,0.0
2014-10-23,27.549205587319065
2014-10-24,23.91769127538884
2014-10-27,25.877442009908627
2014-10-28,41.99810512869725
2014-10-29,57.666280952512196
2014-10-30,57.068576910828014
2014-10-31,58.83490004672652
2014-11-03,65.52238486214694
2014-11-04,77.45177674786542
2014-11-05,65.17842501426476
2014-11-06,84.15280356615688
2014-11-07,99.452050239713
2014-11-10,100.0
2014-11-11,100.0
2014-11-12,100.0
2014-11-13,100.0
2014-11-14,100.0
2014-11-17,100.0
2014-11-18,87.99722571532234
2014-11-19,90.57739083974883
2014-11-20,80.00822469280993
2014-11-21,75.77410624699796
2014-11-24,82.0778891588958
2014-11-25,66.72166040158075
2014-11-26,70.5991193982794
2014-11-28,66.0642265323929
2014-12-01,46.282159309089366
2014-12-02,51.33007049978747
2014-12-03,57.352707375165735
2014-12-04,55.70149234758406
2014-12-05,56.466656457714706
2014-12-08,53.671956633302884
2014-12-09,50.79417987833236
2014-12-10,33.877148002592286
2014-12-11,36.70826176819434
2014-12-12,24.921577796156125
2014-12-15,19.416376759387404
2014-12-16,10.110307237807568
2014-12-17,23.914222104417366
2014-12-18,44.98438036139548
2014-12-19,43.54740546229208
2014-12-22,44.983661918754734
2014-12-23,39.87397363322183
2014-12-24,41.887039613404305
2014-12-26,43.175386853244376
2014-12-29,43.51701919086983
2014-12-30,47.60122407558112
2014-12-31,32.502794385062295
2015-01-02,25.743098383812228
2015-01-05,14.63010327013906
2015-01-06,0.0
2015-01-07,13.262907833695614
2015-01-08,25.793038801160936
2015-01-09,32.958627033006316
2015-01-12,20.69336499441307
2015-01-13,31.90797105250005
2015-01-14,31.012686095828297
2015-01-15,28.147384270614026
2015-01-16,23.99661981112785
2015-01-20,8.883789807427164
2015-01-21,11.00433199574033
2015-01-22,22.512640619810732
2015-01-23,20.386226177511602
2015-01-26,22.644236847685146
2015-01-27,3.7758490183198106
2015-01-28,0.0
2015-01-29,9.497156234904395
2015-01-30,4.849964327174057
2015-02-02,15.780800502344363
2015-02-03,40.523695831012105
2015-02-04,50.13131628536757
2015-02-05,50.34203710930039
2015-02-06,39.03301308032074
2015-02-09,43.623805101437576
2015-02-10,61.52555803879969
2015-02-11,65.3075912156767
2015-02-12,78.60443840987236
2015-02-13,99.99559154491831
2015-02-17,90.33194955920042
2015-02-18,85.53638164237546
2015-02-19,85.6023095854355
2015-02-20,77.18785183599333
2015-02-23,77.24757187270404
2015-02-24,71.25211667464599
2015-02-25,85.63824100127857
2015-02-26,100.0
2015-02-27,86.4580127098184
2015-03-02,100.0
2015-03-03,97.46836050260706
2015-03-04,83.40137009899465
2015-03-05,87.82134964387733
2015-03-06,75.34248094645106
2015-03-09,72.88679568879272
2015-03-10,61.838139662239634
2015-03-11,49.533802113507654
2015-03-12,52.569625543481614
2015-03-13,43.196180889326875
2015-03-16,43.816446090122014
2015-03-17,39.9498165585442
2015-03-18,42.91853455005242
2015-03-19,42.83563770040479
2015-03-20,40.161814862455785
2015-03-23,38.578695840548136
2015-03-24,37.20008408752565
2015-03-25,22.888807701433134
2015-03-26,17.798426907438042
2015-03-27,26.517979570023677
2015-03-30,24.679317545029612
2015-03-31,18.002312605364512
2015-04-01,15.830242431138942
2015-04-02,16.531025785890662
2015-04-06,22.207937823151973
2015-04-07,21.017350597721972
2015-04-08,40.58268998409423
2015-04-09,47.68628999027297
2015-04-10,45.077025150909705
2015-04-13,45.860580806864384
2015-04-14,36.182928027587614
2015-04-15,39.70062431062263
2015-04-16,37.76118470567163
2015-04-17,23.095689080114308
2015-04-20,29.97839252518211
2015-04-21,35.903323616634154
2015-04-22,45.13421488423217
2015-04-23,61.16167091549369
2015-04-24,64.49888763441714
2015-04-27,57.738870680457666
2015-04-28,51.988542220549576
2015-04-29,58.33561953736501
2015-04-30,50.60069919728362
2015-05-01,59.776747436887895
2015-05-04,58.82713237515185
2015-05-05,49.6762924545314
2015-05-06,42.56431632366801
2015-05-07,39.983545395906134
2015-05-08,43.26897542784521
2015-05-11,47.156054479027944
2015-05-12,47.49578495107503
2015-05-13,44.29568615213903
2015-05-14,52.507716672528396
2015-05-15,61.795284069461445
2015-05-18,58.418365341506856
2015-05-19,56.453890948558936
2015-05-20,50.21639720305774
2015-05-21,49.39848902876297
2015-05-22,47.3021749369465
2015-05-26,41.46707264786489
2015-05-27,50.10339400613239
2015-05-28,51.65501671315665
2015-05-29,59.07395494900704
2015-06-01,51.04695002768488
2015-06-02,50.40061522658709
2015-06-03,68.19831147796388
2015-06-04,61.56566987822349
2015-06-05,63.425440105832706
2015-06-08,49.4737242351163
2015-06-09,47.35602549101566
2015-06-10,60.77580295747063
2015-06-11,57.63995794221614
2015-06-12,46.31003350807833
2015-06-15,44.2718397957645
2015-06-16,39.27813024557674
2015-06-17,38.63489293560227
2015-06-18,49.24118091041277
2015-06-19,44.904852315000085
2015-06-22,52.15747771653818
2015-06-23,63.62477421065138
2015-06-24,47.070825359655096
2015-06-25,48.05014141470086
2015-06-26,50.994045277158335
2015-06-29,25.09861394843771
2015-06-30,27.773469096909352
2015-07-01,27.123864472024884
2015-07-02,31.55742584399413
2015-07-06,22.215114839285228
2015-07-07,29.020730724290537
2015-07-08,14.593354482853933
2015-07-09,9.172082919685948
2015-07-10,25.35786458723011
2015-07-13,41.432920718065944
2015-07-14,48.60903610321684
2015-07-15,44.81208839410157
2015-07-16,53.25439986729216
2015-07-17,50.80201917379735
2015-07-20,57.50070754536695
2015-07-21,45.75867132343888
2015-07-22,39.25816180530049
2015-07-23,39.8068958903702
2015-07-24,32.52008741310207
2015-07-27,26.273092682682574
2015-07-28,57.7347073433475
2015-07-29,57.214289519446616
2015-07-30,53.25861411356283
2015-07-31,52.170250358647635
2015-08-03,54.26110336045488
2015-08-04,56.543718888881116
2015-08-05,78.90937444976973
2015-08-06,60.03337902610303
2015-08-07,42.288242360467535
2015-08-10,39.31737095644974
2015-08-11,23.946159352704633
2015-08-12,27.25511496585408
2015-08-13,18.769775131004284
2015-08-14,14.556924984366375
2015-08-17,16.980527871605908
2015-08-18,15.997657236238467
2015-08-19,12.25023372205574
2015-08-20,0.0
2015-08-21,0.0
2015-08-24,0.0
2015-08-25,0.0
2015-08-26,0.0
2015-08-27,0.0
2015-08-28,2.9147108562120465
2015-08-31,0.0
2015-09-01,0.0
2015-09-02,0.0
2015-09-03,0.0
2015-09-04,0.0
2015-09-08,2.7970577118440616
2015-09-09,6.161663944107012
2015-09-10,11.796282365104368
2015-09-11,13.844700193499335
2015-09-14,8.86376569821364
2015-09-15,15.393746681384172
2015-09-16,23.272158740901666
2015-09-17,27.36040972603815
2015-09-18,35.910272608875445
2015-09-21,63.97702023093588
2015-09-22,79.68833552423803
2015-09-23,80.33882494509173
2015-09-24,46.12043011044192
2015-09-25,24.938412869711378
2015-09-28,0.8527524340328654
2015-09-29,2.782084543012928
2015-09-30,36.952273150651855
2015-10-01,21.242537962734414
2015-10-02,33.533567597593006
2015-10-05,53.52100758881072
2015-10-06,29.070835806959675
2015-10-07,44.17816658703895
2015-10-08,40.784825501263306
2015-10-09,41.5949997601723
2015-10-12,43.825676586353396
2015-10-13,26.752832916367012
2015-10-14,18.362012386314703
2015-10-15,35.76923853636035
2015-10-16,49.28347083628151
2015-10-19,49.295656649441135
2015-10-20,59.44009782786433
2015-10-21,52.71048656634751
2015-10-22,66.87691498815073
2015-10-23,90.39948201239258
2015-10-26,100.0
2015-10-27,100.0
2015-10-28,100.0
2015-10-29,100.0
2015-10-30,97.44480180306573
2015-11-02,95.99996177880813
2015-11-03,100.0
2015-11-04,97.77352266856732
2015-11-05,92.50911538466491
2015-11-06,94.95412777396709
2015-11-09,89.1142948861227
2015-11-10,92.59063353369704
2015-11-11,94.82175866407263
2015-11-12,73.00296415345831
2015-11-13,58.90814719386317
2015-11-16,63.14885980153056
2015-11-17,64.87499635504933
2015-11-18,83.12469710377977
2015-11-19,72.30452989402953
2015-11-20,60.365568671471365
2015-11-23,59.69253739937948
2015-11-24,60.81043645530158
2015-11-25,51.70553013955815
2015-11-27,53.57408926096526
2015-11-30,53.87267816164753
2015-12-01,47.46327700688574
2015-12-02,41.35201410307813
2015-12-03,34.13131121621938
2015-12-04,47.458094332859176
2015-12-07,35.940554167824324
2015-12-08,40.71977367773904
2015-12-09,33.61907326616259
2015-12-10,38.90848622231588
2015-12-11,30.03689613260375
2015-12-14,46.368146330482176
2015-12-15,46.83751256810148
2015-12-16,57.1750791931898
2015-12-17,36.126598320502524
2015-12-18,25.607702251572746
2015-12-21,27.031981559599043
2015-12-22,32.93449433091549
2015-12-23,40.03104113558445
2015-12-24,33.729980802703636
2015-12-28,31.541883047203967
2015-12-29,45.554664965131934
2015-12-30,36.433148881759166
2015-12-31,30.290447974271046
2016-01-04,22.3481733169698
2016-01-05,9.93567211315306
2016-01-06,6.962279654405499
2016-01-07,0.0
2016-01-08,0.0
2016-01-11,0.0
2016-01-12,9.999754410743037
2016-01-13,0.0
2016-01-14,0.0
2016-01-15,0.0
2016-01-19,0.0
2016-01-20,0.0
2016-01-21,0.0
2016-01-22,0.0
2016-01-25,0.0
2016-01-26,0.0
2016-01-27,0.0
2016-01-28,0.0
2016-01-29,0.0
2016-02-01,0.0
2016-02-02,0.0
2016-02-03,0.0
2016-02-04,0.5669497142458653
2016-02-05,0.574111204494109
2016-02-08,0.0
2016-02-09,0.0
2016-02-10,0.0
2016-02-11,6.980905718149003
2016-02-12,7.526277620896877
2016-02-16,36.19326247595585
2016-02-17,49.20923383619426
2016-02-18,44.33905312235726
2016-02-19,46.30086805033698
2016-02-22,39.59709993518102
2016-02-23,40.26340461206887
2016-02-24,39.6263132972077
2016-02-25,55.263151868439955
2016-02-26,54.40438546364468
2016-02-29,39.120425800310144
2016-03-01,55.50431078029076
2016-03-02,72.81424433539111
2016-03-03,74.51362759646571
2016-03-04,77.39873425719716
2016-03-07,96.10884674626732
2016-03-08,99.28271487395355
2016-03-09,100.0
2016-03-10,100.0
2016-03-11,100.0
2016-03-14,100.0
2016-03-15,89.98831752929563
2016-03-16,78.25424563926636
2016-03-17,86.01373266091178
2016-03-18,84.86160677273767
2016-03-21,79.15353359841839
2016-03-22,90.41674240347496
2016-03-23,77.68978514155128
2016-03-24,75.20416200622
2016-03-28,71.172212722424
2016-03-29,82.78326414572223
2016-03-30,66.61954255798192
2016-03-31,62.08063883985523
2016-04-01,67.38844928416269
2016-04-04,61.938099040730116
2016-04-05,55.36984584035247
2016-04-06,73.82084942475066
2016-04-07,59.563569002004954
2016-04-08,60.69583626615006
2016-04-11,47.56389020784816
2016-04-12,53.36557012715179
2016-04-13,63.555046988547204
2016-04-14,63.414744552171825
2016-04-15,60.80005101724522
2016-04-18,61.69452618954959
2016-04-19,57.52729912164847
2016-04-20,57.34195379530921
2016-04-21,65.75736985228154
2016-04-22,60.81141454886718
2016-04-25,60.841898831037085
2016-04-26,54.29930452186263
2016-04-27,47.72791845675424
2016-04-28,42.132955544932024
2016-04-29,33.058379053805844
2016-05-02,41.7443924934705
2016-05-03,40.01418359693019
2016-05-04,26.60760281633371
2016-05-05,34.15357889173525
2016-05-06,35.98767534826097
2016-05-09,38.4213196769779
2016-05-10,39.41695867227768
2016-05-11,26.367667370173795
2016-05-12,24.13404543574184
2016-05-13,22.918118759076094
2016-05-16,28.22723461015749
2016-05-17,23.506831989873554
2016-05-18,27.061004850545057
2016-05-19,22.694855030746297
2016-05-20,32.37870665854139
2016-05-23,32.630798674507375
2016-05-24,44.08281518893191
2016-05-25,52.2462827445114
2016-05-26,59.321223994012996
2016-05-27,68.15074367045634
2016-05-31,61.999042324500124
2016-06-01,71.26169414543784
2016-06-02,77.1715970691717
2016-06-03,72.70440436507027
2016-06-06,72.94827900109797
2016-06-07,71.05683569456035
2016-06-08,65.7400198351124
2016-06-09,69.12754623352983
2016-06-10,62.51193079591282
2016-06-13,59.688934208363335
2016-06-14,51.79025858907423
2016-06-15,55.80674202710043
2016-06-16,51.08040676552316
2016-06-17,51.05147976946329
2016-06-20,50.140330911977976
2016-06-21,52.26074550003818
2016-06-22,38.81557681650906
2016-06-23,45.34713936443881
2016-06-24,19.720836402062815
2016-06-27,0.4378549249581667
2016-06-28,11.23507350355257
2016-06-29,21.109345886858456
2016-06-30,25.245596050194255
2016-07-01,33.1998032689565
2016-07-05,24.10382987812678
2016-07-06,29.652623618963904
2016-07-07,30.24410776168316
2016-07-08,40.86679694409702
2016-07-11,54.34070118141126
2016-07-12,65.8350493438301
2016-07-13,63.62754475849562
2016-07-14,69.89792888943006
2016-07-15,69.60166713175366
2016-07-18,76.53118452447974
2016-07-19,67.93505303726249
2016-07-20,72.92694735249117
2016-07-21,72.3348241916833
2016-07-22,65.18369383191941
2016-07-25,92.97911278512635
2016-07-26,100.0
2016-07-27,99.8022606044908
2016-07-28,89.6135654918346
2016-07-29,82.58367559968445
2016-08-01,83.8437807833723
2016-08-02,85.84693516979921
2016-08-03,83.08638342041226
2016-08-04,80.81211263694765
2016-08-05,80.22357284232939
2016-08-08,74.15949607636418
2016-08-09,68.67888342377336
2016-08-10,68.3001140648957
2016-08-11,68.5431870208705
2016-08-12,66.79752206103059
2016-08-15,67.8315759151327
2016-08-16,68.04192578176233
2016-08-17,60.88248737328628
2016-08-18,64.09671146891752
2016-08-19,62.068365499167584
2016-08-22,61.61722064468683
2016-08-23,61.8736165300051
2016-08-24,56.399755882003085
2016-08-25,55.221408747730216
2016-08-26,58.841581286635
2016-08-29,55.82783804409381
2016-08-30,58.71181965820961
2016-08-31,55.79436508903446
2016-09-01,56.99010193333209
2016-09-02,51.65903409925128
2016-09-06,53.290337966679665
2016-09-07,54.213014014396975
2016-09-08,56.0988309449809
2016-09-09,40.31567390743038
2016-09-12,49.20244590963754
2016-09-13,40.92329574991128
2016-09-14,44.80341934958173
2016-09-15,52.53589893166462
2016-09-16,51.35747291930202
2016-09-19,49.74586125437139
2016-09-20,50.20695542236345
2016-09-21,53.496032884070466
2016-09-22,61.12755976141134
2016-09-23,57.46639090314585
2016-09-26,48.94802047201132
2016-09-27,53.66289209017183
2016-09-28,55.82737187051992
2016-09-29,51.70457119700262
2016-09-30,55.664178565807944
2016-10-03,52.28744064956792
2016-10-04,52.13452246931497
2016-10-05,54.31015999191084
2016-10-06,54.88943856041686
2016-10-07,65.1165400668013
2016-10-10,61.19661720207773
2016-10-11,57.838048946480136
2016-10-12,55.54127821934493
2016-10-13,44.860740379343184
2016-10-14,46.221752521106545
2016-10-17,44.249256025068846
2016-10-18,47.92751207006855
2016-10-19,43.1916660605181
2016-10-20,39.26065929549526
2016-10-21,44.05673101809473
2016-10-24,55.946362596113076
2016-10-25,48.40909565907589
2016-10-26,44.72154583312537
2016-10-27,47.54060778388018
2016-10-28,39.99222644626918
2016-10-31,39.47794296568394
2016-11-01,34.79085886588583
2016-11-02,26.153279605357145
2016-11-03,21.518633381275563
2016-11-04,21.348875227971337
2016-11-07,30.817298211154604
2016-11-08,43.05363409267404
2016-11-09,54.402596768957345
2016-11-10,55.13726548952421
2016-11-11,58.14121745861453
2016-11-14,61.115369221898845
2016-11-15,63.544263155334775
2016-11-16,64.88775862866953
2016-11-17,70.9666322572054
2016-11-18,69.98047011726963
2016-11-21,68.49408847537728
2016-11-22,72.63966512364901
2016-11-23,76.58924361990725
2016-11-25,81.72306766804645
2016-11-28,79.43630695933942
2016-11-29,81.78325559163238
2016-11-30,81.31990138513333
2016-12-01,81.10932811988945
2016-12-02,84.85905878799291
2016-12-05,93.19213134732485
2016-12-06,80.06413479600252
2016-12-07,81.0710119848421
2016-12-08,73.57451854542225
2016-12-09,80.86454562494951
2016-12-12,73.47697749181967
2016-12-13,78.34630858711522
2016-12-14,72.68009291715937
2016-12-15,74.55450504141882
2016-12-16,66.01002501840841
2016-12-19,65.99442642303609
2016-12-20,64.69850262131513
2016-12-21,61.62555049550235
2016-12-22,58.350101633132255
2016-12-23,51.247946178684586
2016-12-27,59.21087856623075
2016-12-28,51.68798161846168
2016-12-29,54.566217518618025
2016-12-30,53.99081650142917
2017-01-03,60.14669903097986
2017-01-04,58.88840533143444
2017-01-05,55.433553247131435
2017-01-06,55.37670732698156
2017-01-09,51.55707998688586
2017-01-10,49.30791483474263
2017-01-11,53.72058578237204
2017-01-12,46.380172430675124
2017-01-13,48.80811109030535
2017-01-17,39.73387515572314
2017-01-18,47.39187239927187
2017-01-19,46.225178112326816
2017-01-20,44.03734561550267
2017-01-23,43.54074584133741
2017-01-24,51.730823902856045
2017-01-25,63.54302199966613
2017-01-26,59.83100708040077
2017-01-27,66.35518608285449
2017-01-30,63.22721011653195
2017-01-31,68.39272447912292
2017-02-01,66.7938591275744
2017-02-02,61.149657584384734
2017-02-03,65.50475998705124
2017-02-06,57.859439018622766
2017-02-07,58.78574974213853
2017-02-08,56.57994140128663
2017-02-09,60.08585544723197
2017-02-10,64.57385001102449
2017-02-13,64.34406741953107
2017-02-14,73.80624798626272
2017-02-15,73.30294491929025
2017-02-16,72.03304437123413
2017-02-17,72.33755511493501
2017-02-21,77.27324763710175
2017-02-22,69.81511703483778
2017-02-23,59.28161290874573
2017-02-24,59.42261106396777
2017-02-27,62.57361541691267
2017-02-28,63.645480311499604
2017-03-01,75.62300806747298
2017-03-02,69.1243403561597
2017-03-03,70.77326224272669
2017-03-06,65.58883765435411
2017-03-07,67.44850113985481
2017-03-08,68.24450804422963
2017-03-09,69.51742142155697
2017-03-10,66.455637457385
2017-03-13,65.91604654527691
2017-03-14,60.597841051580744
2017-03-15,57.40321399914494
2017-03-16,54.354175782860366
2017-03-17,55.31156797040957
2017-03-20,53.55799307688308
2017-03-21,39.18622777279078
2017-03-22,42.34476601862838
2017-03-23,45.856988845929564
2017-03-24,47.44692375354701
2017-03-27,44.44664181224744
2017-03-28,52.93962893866239
2017-03-29,43.51415718988447
2017-03-30,49.15022121354555
2017-03-31,46.57888462271691
2017-04-03,44.96165484664987
2017-04-04,46.268823909593344
2017-04-05,40.57240504842796
2017-04-06,41.33031226017403
2017-04-07,41.084966372818144
2017-04-10,39.03943454047436
2017-04-11,37.492992828284656
2017-04-12,33.0918754046229
2017-04-13,28.095169719185733
2017-04-17,34.53119437620972
2017-04-18,32.281795803936355
2017-04-19,46.42762131426719
2017-04-20,50.39278780206019
2017-04-21,49.16944314977928
2017-04-24,56.15626796205719
2017-04-25,62.04845073125151
2017-04-26,56.08941298587557
2017-04-27,57.17723558598042
2017-04-28,53.61682375681358
2017-05-01,59.906187253873455
2017-05-02,62.951740589911495
2017-05-03,61.40628025923857
2017-05-04,67.00832997287426
2017-05-05,66.95616115939602
2017-05-08,66.70122948685628
2017-05-09,69.05553017706552
2017-05-10,73.21511016005846
2017-05-11,75.43946738242751
2017-05-12,78.4751219906892
2017-05-15,75.44409196435443
2017-05-16,80.00858443655102
2017-05-17,59.64991112080345
2017-05-18,58.10301177350486
2017-05-19,61.87548775723397
2017-05-22,58.99515431097324
2017-05-23,54.51965891735871
2017-05-24,56.77242228954012
2017-05-25,58.915122850265675
2017-05-26,60.28039553468888
2017-05-30,54.04281083843061
2017-05-31,52.976048987378384
2017-06-01,58.51546715865162
2017-06-02,61.16747468624408
2017-06-05,58.852165984825604
2017-06-06,54.80830733850832
2017-06-07,55.65235901044357
2017-06-08,57.556191377565284
2017-06-09,49.466554873126015
2017-06-12,47.56141566949769
2017-06-13,49.03443792822914
2017-06-14,43.40904625918775
2017-06-15,59.40004627167377
2017-06-16,52.991706951609615
2017-06-19,59.7940972755287
2017-06-20,49.03679073324324
2017-06-21,51.74471988332701
2017-06-22,50.789710722432915
2017-06-23,49.026616378682306
2017-06-26,46.96978915888229
2017-06-27,41.58625038053634
2017-06-28,50.64765901369215
2017-06-29,39.27416602608725
2017-06-30,35.43386499224317
2017-07-03,34.13512572779788
2017-07-05,40.492266591930644
2017-07-06,32.65726758163804
2017-07-07,36.162451463435524
2017-07-10,47.15713381190861
2017-07-11,50.57627227462979
2017-07-12,51.62138910440217
2017-07-13,57.09497858826025
2017-07-14,61.72210673241775
2017-07-17,63.15604840989177
2017-07-18,55.340431177710364
2017-07-19,64.66266733810981
2017-07-20,60.84524128153783
2017-07-21,59.86656667401339
2017-07-24,60.27568831302985
2017-07-25,63.98224198097778
2017-07-26,70.75128499315821
2017-07-27,59.424929545740014
2017-07-28,65.09628964682113
2017-07-31,62.54151617868068
2017-08-01,64.72559617941381
2017-08-02,61.34146042042479
2017-08-03,63.59069823846688
2017-08-04,59.14990344215094
2017-08-07,59.889301280592214
2017-08-08,58.60181074118407
2017-08-09,51.26961500700483
2017-08-10,36.04612017440938
2017-08-11,36.2239187583169
2017-08-14,44.89647641999956
2017-08-15,44.07537503908079
2017-08-16,40.550679873978936
2017-08-17,28.352124059083746
2017-08-18,28.553483805091293
2017-08-21,25.241092765970443
2017-08-22,31.332707746404985
2017-08-23,29.035539220747946
2017-08-24,32.16438693011716
2017-08-25,32.16895991372214
2017-08-28,35.842015703303495
2017-08-29,36.66234139438386
2017-08-30,42.602388408562
2017-08-31,49.64642151569546
2017-09-01,49.104234184480696
2017-09-05,37.9664512494402
2017-09-06,41.21461866887054
2017-09-07,42.187192526205834
2017-09-08,53.567930472259455
2017-09-11,59.08911873973873
2017-09-12,53.055679823915895
2017-09-13,53.16209565805615
2017-09-14,50.09682444444021
2017-09-15,65.38722648093342
2017-09-18,67.49513822237012
2017-09-19,68.92948394434352
2017-09-20,60.68270537337146
2017-09-21,60.466934580004725
2017-09-22,60.54106510551199
2017-09-25,55.188796997527625
2017-09-26,55.42258695455705
2017-09-27,62.56049661457068
2017-09-28,55.05072604989492
2017-09-29,54.91378102659296
2017-10-02,55.638030437349656
2017-10-03,65.31790710304037
2017-10-04,62.807509998510646
2017-10-05,69.15919870715024
2017-10-06,73.20769163866821
2017-10-09,62.58292632423046
2017-10-10,60.09147154869561
2017-10-11,60.478763207562764
2017-10-12,61.72706890613827
2017-10-13,59.53761665209162
2017-10-16,60.59918335717128
2017-10-17,60.43658595007729
2017-10-18,59.89794871970771
2017-10-19,60.76003646986719
2017-10-20,65.2450211575692
2017-10-23,66.72540314778925
2017-10-24,68.0199871403344
2017-10-25,56.27524052981697
2017-10-26,57.356655758289456
2017-10-27,65.15727407873767
2017-10-30,61.439148879192686
2017-10-31,62.95220790691727
2017-11-01,61.71129339257082
2017-11-02,55.6766098072639
2017-11-03,58.86370722911856
2017-11-06,62.604073968639995
2017-11-07,60.19573084867547
2017-11-08,61.26758814253783
2017-11-09,59.37744659659154
2017-11-10,60.97527157250442
2017-11-13,59.313671286591095
2017-11-14,56.342241547225186
2017-11-15,51.597378214194016
2017-11-16,63.4689976890095
2017-11-17,57.353783241600304
2017-11-20,64.5520601991624
2017-11-21,69.12519159017413
2017-11-22,71.3090814688997
2017-11-24,73.51324251213165
2017-11-27,59.328375811664046
2017-11-28,63.8469855165217
2017-11-29,54.34276033464761
2017-11-30,60.7698832103958
2017-12-01,57.84000064078301
2017-12-04,47.49288034479046
2017-12-05,44.22266998845311
2017-12-06,46.120611791587905
2017-12-07,47.51063097157419
2017-12-08,54.25310678841019
2017-12-11,56.27847103212652
2017-12-12,53.834090164511395
2017-12-13,55.81705446073703
2017-12-14,58.72380364552416
2017-12-15,57.31810020140529
2017-12-18,64.81938684269639
2017-12-19,61.6887928727442
2017-12-20,55.1499921618244
2017-12-21,56.75070851132484
2017-12-22,53.62044472518161
2017-12-26,52.37961480092872
2017-12-27,47.776811156284545
2017-12-28,56.97970216892776
2017-12-29,45.04386582983193
2018-01-02,59.91280550231087
2018-01-03,71.11828146742255
2018-01-04,74.06720758187636
2018-01-05,79.82500814011183
2018-01-08,78.1574995755608
2018-01-09,76.60183605078335
2018-01-10,71.60107862262585
2018-01-11,78.30060531485675
2018-01-12,84.01066833705875
2018-01-16,81.79615833179113
2018-01-17,81.67626178338304
2018-01-18,76.30359410868843
2018-01-19,82.90803236103955
2018-01-22,89.24285409959941
2018-01-23,92.82108666350337
2018-01-24,90.39800083797981
2018-01-25,92.11341475794524
2018-01-26,100.0
2018-01-29,100.0
2018-01-30,100.0
2018-01-31,89.76066611524065
2018-02-01,83.24527444053788
2018-02-02,66.88676058482149
2018-02-05,24.636653015829086
2018-02-06,40.54519747235673
2018-02-07,32.416471265536664
2018-02-08,1.2178227324917046
2018-02-09,5.21162569840719
2018-02-12,11.691698390473782
2018-02-13,18.31808319616145
2018-02-14,27.219789512960727
2018-02-15,38.95335738863259
2018-02-16,30.09326245594634
2018-02-20,21.496146570685614
2018-02-21,17.7540198487969
2018-02-22,18.7341456663452
2018-02-23,33.55372314544499
2018-02-26,29.4474289083968
2018-02-27,24.389138771768724
2018-02-28,22.129443844316153
2018-03-01,8.313917784904525
2018-03-02,20.058239166690317
2018-03-05,44.28229836322986
2018-03-06,87.9480671001334
2018-03-07,69.43708187805507
2018-03-08,78.97981383067565
2018-03-09,100.0
2018-03-12,100.0
2018-03-13,97.60971499514301
2018-03-14,92.09032949608505
2018-03-15,69.73113626593084
2018-03-16,56.603585469440524
2018-03-19,43.965926016267645
2018-03-20,48.67264845180833
2018-03-21,45.20402194954975
2018-03-22,23.960168207202788
2018-03-23,0.0
2018-03-26,9.402277342532024
2018-03-27,0.0
2018-03-28,0.0
2018-03-29,17.563465191562933
2018-04-02,0.0
2018-04-03,0.0
2018-04-04,0.0
2018-04-05,0.0
2018-04-06,0.0
2018-04-09,0.0
2018-04-10,0.0
2018-04-11,0.0
2018-04-12,0.0
2018-04-13,0.0
2018-04-16,1.6035815588087203
2018-04-17,28.908672024354296
2018-04-18,29.096618072999604
2018-04-19,26.473781535843614
2018-04-20,40.298690325978576
2018-04-23,59.60384127619614
2018-04-24,19.12851605641585
2018-04-25,46.524296486317546
2018-04-26,64.32544933255392
2018-04-27,52.726750693357076
2018-04-30,68.32577853732069
2018-05-01,65.79460354131662
2018-05-02,49.87265490087396
2018-05-03,42.25918490551279
2018-05-04,77.15992856342494
2018-05-07,79.22484948271297
2018-05-08,62.32766162416448
2018-05-09,74.9562136993514
2018-05-10,70.91770585507155
2018-05-11,75.2803606720808
2018-05-14,71.08873928470929
2018-05-15,52.24899240860975
2018-05-16,55.045985561884805
2018-05-17,58.958838747258056
2018-05-18,61.84385684043165
2018-05-21,67.66194128027794
2018-05-22,80.51538379209177
2018-05-23,82.59141091168729
2018-05-24,68.97145327965113
2018-05-25,68.32796986557551
2018-05-29,65.87033725156823
2018-05-30,67.21483137498413
2018-05-31,68.3727025111977
2018-06-01,85.985284015849
2018-06-04,79.45775751196024
2018-06-05,74.83011328366374
2018-06-06,81.18700522614012
2018-06-07,63.39227566271372
2018-06-08,58.57493879778483
2018-06-11,61.205156079982274
2018-06-12,63.55428431561976
2018-06-13,68.01186149543634
2018-06-14,67.45998637551867
2018-06-15,66.8567997611486
2018-06-18,72.48245112816414
2018-06-19,63.85644195347686
2018-06-20,73.355465364662
2018-06-21,61.73073441797865
2018-06-22,60.380542632117155
2018-06-25,43.01008490129461
2018-06-26,55.73616974108672
2018-06-27,31.12314553623111
2018-06-28,40.650133053296976
2018-06-29,25.293339722469703
2018-07-02,24.169017964513017
2018-07-03,14.159765930954585
2018-07-05,16.097602901281796
2018-07-06,34.243262975702855
2018-07-09,41.383440116126124
2018-07-10,40.01383967921261
2018-07-11,29.469038960224946
2018-07-12,41.662451640633265
2018-07-13,34.54267723162679
2018-07-16,35.60532712566423
2018-07-17,41.89616431194886
2018-07-18,45.92270268001945
2018-07-19,33.19219946227099
2018-07-20,42.83154474694488
2018-07-23,50.03037059320608
2018-07-24,69.54871381601409
2018-07-25,78.2669826128976
2018-07-26,86.06651280827482
2018-07-27,64.79847940530782
2018-07-30,53.16500057017429
2018-07-31,47.84466657618866
2018-08-01,62.47152596016731
2018-08-02,62.85883049818395
2018-08-03,50.960847398716005
2018-08-06,46.07689886999737
2018-08-07,49.431329007532675
2018-08-08,55.941264023086966
2018-08-09,42.01147819230522
2018-08-10,34.05735986500978
2018-08-13,33.389232604659895
2018-08-14,33.649663242129776
2018-08-15,20.993488037734625
2018-08-16,29.845266001910105
2018-08-17,29.950901719906586
2018-08-20,23.867011315594617
2018-08-21,29.308664584252053
2018-08-22,20.691251691771846
2018-08-23,27.8488301296454
2018-08-24,49.99322035817386
2018-08-27,72.30868943369646
2018-08-28,72.90518935173966
2018-08-29,76.10051131748679
2018-08-30,62.05005474370428
2018-08-31,62.26023744970134
2018-09-04,57.006409507738766
2018-09-05,41.546371589418044
2018-09-06,31.939179845556147
2018-09-07,33.46702379738524
2018-09-10,44.500217325894404
2018-09-11,54.74589472140693
2018-09-12,45.00768584514236
2018-09-13,65.64065835442452
2018-09-14,62.136587574234404
2018-09-17,47.786130318170066
2018-09-18,57.486740500318426
2018-09-19,53.148140417354576
2018-09-20,59.4073988012016
2018-09-21,55.061725173004916
2018-09-24,48.85459737530682
2018-09-25,41.515964612585755
2018-09-26,34.89786293769111
2018-09-27,31.85173949933414
2018-09-28,33.71416208555002
2018-10-01,33.95843702004373
2018-10-02,28.493985176714762
2018-10-03,46.241208670018565
2018-10-04,40.45827013181419
2018-10-05,31.603551784519894
2018-10-08,23.294216807706103
2018-10-09,15.040047525018508
2018-10-10,0.0
2018-10-11,0.0
2018-10-12,0.0
2018-10-15,0.0
2018-10-16,4.424524557942583
2018-10-17,4.932842607824121
2018-10-18,0.0
2018-10-19,0.0
2018-10-22,0.0
2018-10-23,0.0
2018-10-24,0.0
2018-10-25,0.0
2018-10-26,0.0
2018-10-29,0.0
2018-10-30,0.0
2018-10-31,0.0
2018-11-01,0.0
2018-11-02,0.0
2018-11-05,0.0
2018-11-06,1.0516517951426039
2018-11-07,52.69583420558996
2018-11-08,61.2541665896614
2018-11-09,28.184316000880973
2018-11-12,13.144020510138041
2018-11-13,0.0
2018-11-14,0.0
2018-11-15,11.762377458582243
2018-11-16,11.515339949498866
2018-11-19,0.0
2018-11-20,0.0
2018-11-21,22.457405577016626
2018-11-23,0.0
2018-11-26,29.517466154886552
2018-11-27,41.07111649423109
2018-11-28,49.755976329901124
2018-11-29,31.90442296795214
2018-11-30,23.416271109314877
2018-12-03,38.82362621695115
2018-12-04,11.755999801678357
2018-12-06,8.13507058864365
2018-12-07,0.0
2018-12-10,0.0
2018-12-11,0.0
2018-12-12,20.65003408261294
2018-12-13,18.63745881875296
2018-12-14,8.990066943416345
2018-12-17,0.0
2018-12-18,0.0
2018-12-19,0.0
2018-12-20,0.0
2018-12-21,0.0
2018-12-24,0.0
2018-12-26,0.0
2018-12-27,0.0
2018-12-28,0.0
2018-12-31,0.0
2019-01-02,0.0
2019-01-03,0.0
2019-01-04,0.0
2019-01-07,3.4250272747515
2019-01-08,32.020727395877664
2019-01-09,32.33377814010096
2019-01-10,33.39932538148523
2019-01-11,24.324324889050086
2019-01-14,20.949933794842963
2019-01-15,48.297297636080984
2019-01-16,65.72169197976689
2019-01-17,69.18638224183819
2019-01-18,93.32209408896863
2019-01-22,89.39132256176882
2019-01-23,100.0
2019-01-24,100.0
2019-01-25,98.78189935935706
2019-01-28,90.20421398640522
2019-01-29,85.26738530437996
2019-01-30,95.37344666051038
2019-01-31,98.73970901669132
2019-02-01,100.0
2019-02-04,100.0
2019-02-05,94.26975974021133
2019-02-06,83.59532858095935
2019-02-07,69.70903271781009
2019-02-08,66.76298198665843
2019-02-11,70.59608970213681
2019-02-12,86.54471209741308
2019-02-13,76.57460319238503
2019-02-14,74.43395465004274
2019-02-15,73.26457492492608
2019-02-19,65.7309569571952
2019-02-20,80.00752950542473
2019-02-21,78.06266090433006
2019-02-22,79.5393737761943
2019-02-25,72.43330360892293
2019-02-26,78.5211000539681
2019-02-27,86.36808068751955
2019-02-28,72.05436928491915
2019-03-01,72.73994564875403
2019-03-04,69.51202860269237
2019-03-05,61.122052445406
2019-03-06,50.7911755225683
2019-03-07,45.005715705196515
2019-03-08,51.76536633577335
2019-03-11,63.96278511750563
2019-03-12,64.21115024818347
2019-03-13,59.43598571531024
2019-03-14,56.82562642903601
2019-03-15,61.54482083921613
2019-03-18,59.817612818436125
2019-03-19,61.03568909273694
2019-03-20,57.90339202060362
2019-03-21,68.15563209836925
2019-03-22,44.911949712616085
2019-03-25,41.18764190898945
2019-03-26,46.50286863472214
2019-03-27,39.979243670640145
2019-03-28,44.45590503993281
2019-03-29,42.810442600478865
2019-04-01,55.57230978549346
2019-04-02,56.67888668125882
2019-04-03,68.55089756231517
2019-04-04,75.97875833457118
2019-04-05,81.4111949499602
2019-04-08,70.24368176943184
2019-04-09,64.43077252805905
2019-04-10,62.750500668516
2019-04-11,63.4952081768608
2019-04-12,64.92467560680569
2019-04-15,61.009341438590184
2019-04-16,63.17640519784833
2019-04-17,65.13519229617076
2019-04-18,55.34084805771174
2019-04-22,75.7917453582365
2019-04-23,84.44273721150356
2019-04-24,76.7231611302089
2019-04-25,83.55590216763522
2019-04-26,81.8614266501616
2019-04-29,79.30004041190385
2019-04-30,61.48109613232808
2019-05-01,57.48799769823688
2019-05-02,52.85981342272155
2019-05-03,62.834407789172786
2019-05-06,55.54023661928358
2019-05-07,40.17468838178803
2019-05-08,43.69365380467404
2019-05-09,37.11038652120601
2019-05-10,38.36662297190521
2019-05-13,10.52385098491252
2019-05-14,18.92414125439046
2019-05-15,21.101261318639907
2019-05-16,27.738365231353562
2019-05-17,22.66946347603442
2019-05-20,13.583221478645186
2019-05-21,14.051000300881583
2019-05-22,13.524901949648395
2019-05-23,0.3934631376229021
2019-05-24,1.0497455789027015
2019-05-28,0.0
2019-05-29,0.0
2019-05-30,1.7168354568375293
2019-05-31,0.0
2019-06-03,0.0
2019-06-04,0.0
2019-06-05,5.78967285180881
2019-06-06,9.725937046586033
2019-06-07,20.70164253027177
2019-06-10,27.68451179722358
2019-06-11,50.077012545883356
2019-06-12,39.78491897928205
2019-06-13,36.63503729082689
2019-06-14,27.794759616337174
2019-06-17,37.690265814954685
2019-06-18,52.07732025221095
2019-06-19,46.19105823103251
2019-06-20,54.04479071507302
2019-06-21,66.15084059767298
2019-06-24,61.46373408722582
2019-06-25,55.79580680082612
2019-06-26,64.36875455756405
2019-06-27,67.05931285793521
2019-06-28,81.71027804557633
2019-07-01,100.0
2019-07-02,83.59439879111815
2019-07-03,84.11683297018266
2019-07-05,82.16665790389122
2019-07-08,69.66869265129138
2019-07-09,65.13303300751434
2019-07-10,68.46835259731452
2019-07-11,73.1782846765098
2019-07-12,73.70424810691014
2019-07-15,76.69392995536295
2019-07-16,70.97088900949151
2019-07-17,59.814875175779974
2019-07-18,58.954659837748224
2019-07-19,51.65550966236143
2019-07-22,55.58499367691126
2019-07-23,62.71053654064592
2019-07-24,76.9507799802407
2019-07-25,67.71096475051522
2019-07-26,71.36952848626979
2019-07-29,67.22755876861922
2019-07-30,58.81593977805446
2019-07-31,50.716761831347064
2019-08-01,37.722637060379824
2019-08-02,28.075732930363106
2019-08-05,9.437424599205492
2019-08-06,13.113801338381712
2019-08-07,12.329416969802026
2019-08-08,22.77304168860611
2019-08-09,15.85894829422238
2019-08-12,7.297778728508348
2019-08-13,20.83032879265698
2019-08-14,6.699090168343034
2019-08-15,4.09798020044542
2019-08-16,16.262804235328524
2019-08-19,21.661651941504896
2019-08-20,13.163561531149242
2019-08-21,14.475597613899517
2019-08-22,18.36326658228949
2019-08-23,0.0
2019-08-26,4.371578752441508
2019-08-27,2.615268478353002
2019-08-28,11.907779486095684
2019-08-29,29.040604773617222
2019-08-30,34.9396697169419
2019-09-03,50.37784144367859
2019-09-04,49.46527876383803
2019-09-05,60.22691725538257
2019-09-06,47.134153102047065
2019-09-09,52.43842214844389
2019-09-10,63.96325250957986
2019-09-11,57.75785111327547
2019-09-12,79.25414744638601
2019-09-13,83.99307701502035
2019-09-16,70.82910339089196
2019-09-17,63.300547585144464
2019-09-18,67.82264282132276
2019-09-19,62.368707850570765
2019-09-20,57.21399264591048
2019-09-23,74.98446637900145
2019-09-24,57.32145014241966
2019-09-25,69.04084029265789
2019-09-26,63.27573596546682
2019-09-27,47.83197114288072
2019-09-30,52.09131796171155
2019-10-01,51.5259794487937
2019-10-02,35.91490739953249
2019-10-03,27.17751531998205
2019-10-04,35.37963904157273
2019-10-07,34.254756207910106
2019-10-08,22.070952158291608
2019-10-09,22.460929343600288
2019-10-10,25.45037333910575
2019-10-11,33.06469413521508
2019-10-14,35.019666227747614
2019-10-15,41.8355184688955
2019-10-16,39.900159834601965
2019-10-17,41.7125828148441
2019-10-18,43.00919499372812
2019-10-21,50.535567851081545
2019-10-22,56.002223814022244
2019-10-23,48.66093380825398
2019-10-24,57.126338083454286
2019-10-25,68.62107182588535
2019-10-28,72.29720029934781
2019-10-29,76.66964226384192
2019-10-30,87.24672312589308
2019-10-31,79.22286865423163
2019-11-01,78.15918072497698
2019-11-04,83.49926173739516
2019-11-05,95.63563108911066
2019-11-06,86.32211347796704
2019-11-07,84.97280769249
2019-11-08,77.94028928707434
2019-11-11,78.64139863324924
2019-11-12,70.94539970233414
2019-11-13,72.29586804187383
2019-11-14,68.04055981004794
2019-11-15,77.42974648305997
2019-11-18,71.1538424437921
2019-11-19,76.4130038134212
2019-11-20,71.11140675630763
2019-11-21,66.28355039379142
2019-11-22,62.467932203250434
2019-11-25,63.25530107355658
2019-11-26,67.00198412098898
2019-11-27,71.08804310111829
2019-11-29,71.65324984334632
2019-12-02,59.90474641534454
2019-12-03,49.455056282342106
2019-12-04,51.76226175707143
2019-12-05,55.36034277592225
2019-12-06,57.30063700226883
2019-12-09,52.10856505839885
2019-12-10,52.9080992419514
2019-12-11,52.95529886519034
2019-12-12,60.7894371076625
2019-12-13,61.588443941704526
2019-12-16,63.9091482241311
2019-12-17,64.33677617709364
2019-12-18,64.20054659817009
2019-12-19,71.95115704147678
2019-12-20,74.62560855858145
2019-12-23,75.40845199864725
2019-12-24,68.22278198537884
2019-12-26,71.39300694002901
2019-12-27,65.0303890437272
2019-12-30,64.64277235673809
2019-12-31,71.50519938074353
2020-01-02,83.50284751893415
2020-01-03,72.5299947555108
2020-01-06,74.86281917373533
2020-01-07,68.8029137475992
2020-01-08,75.09649918002508
2020-01-09,79.44200306363074
2020-01-10,76.45109356032536
2020-01-13,75.79985043816266
2020-01-14,75.18537930230006
2020-01-15,67.97458802616526
2020-01-16,73.66739025238178
2020-01-17,75.26998547302634
2020-01-21,69.15997792700222
2020-01-22,67.63590063007288
2020-01-23,66.13341153879648
2020-01-24,60.22307989704734
2020-01-27,44.1471305480904
2020-01-28,54.54750074790936
2020-01-29,57.229004243621915
2020-01-30,56.536089008455974
2020-01-31,39.141269288922246
2020-02-03,53.38439425739978
2020-02-04,63.57319620153986
2020-02-05,67.04975532434337
2020-02-06,66.5143985222726
2020-02-07,57.205286336708284
2020-02-10,64.84268533178198
2020-02-11,60.15963459523372
2020-02-12,67.33888086133933
2020-02-13,66.96598774981243
2020-02-14,61.23343348514333
2020-02-18,58.025543265378644
2020-02-19,65.68847779296857
2020-02-20,59.76799760137477
2020-02-21,48.39497839141944
2020-02-24,31.460509439960855
2020-02-25,27.711012302127738
2020-02-26,20.899489101946166
2020-02-27,0.0
2020-02-28,0.0
2020-03-02,24.256990063105064
2020-03-03,0.0
2020-03-04,4.371809787744532
2020-03-05,0.0
2020-03-06,0.0
2020-03-09,0.0
2020-03-10,0.0
2020-03-11,0.0
2020-03-12,0.0
2020-03-13,0.0
2020-03-16,0.0
2020-03-17,0.0
2020-03-18,0.0
2020-03-19,0.0
2020-03-20,0.0
2020-03-23,0.0
2020-03-24,0.0
2020-03-25,0.0
2020-03-26,4.503444605273863
2020-03-27,0.0
2020-03-30,0.0
2020-03-31,1.9147073732835125
2020-04-01,0.0
2020-04-02,0.0
2020-04-03,0.0
2020-04-06,48.706688276008386
2020-04-07,26.938140772685735
2020-04-08,53.19248912828599
2020-04-09,95.70235738596432
2020-04-13,59.3609326559627
2020-04-14,100.0
2020-04-15,95.10208822444673
2020-04-16,100.0
2020-04-17,100.0
2020-04-20,100.0
2020-04-21,100.0
2020-04-22,97.98488986442116
2020-04-23,99.85289417716615
2020-04-24,84.91726310538378
2020-04-27,100.0
2020-04-28,85.95454654900988
2020-04-29,100.0
2020-04-30,100.0
2020-05-01,100.0
2020-05-04,100.0
2020-05-05,86.194065607017
2020-05-06,89.03316440429975
2020-05-07,83.11158938144854
2020-05-08,87.46725099222118
2020-05-11,88.49859478267291
2020-05-12,66.49731848271108
2020-05-13,66.94917567054031
2020-05-14,64.2746580660101
2020-05-15,61.88705553379779
2020-05-18,75.81133069886323
2020-05-19,86.93083628310382
2020-05-20,83.26771525713411
2020-05-21,79.57047205671198
2020-05-22,74.79248024572458
2020-05-26,70.7925191921217
2020-05-27,79.62068676141392
2020-05-28,65.13076987597924
2020-05-29,70.04395190433198
2020-06-01,84.42053580280742
2020-06-02,82.51334520027798
2020-06-03,81.70816701611363
2020-06-04,77.75186056304116
2020-06-05,82.25592190065845
2020-06-08,79.73169126410019
2020-06-09,76.50251039825622
2020-06-10,85.4686566759208
2020-06-11,71.5459808005713
2020-06-12,72.15520454695114
2020-06-15,74.67643757049203
2020-06-16,71.06342474613504
2020-06-17,74.06495367002822
2020-06-18,67.84581894347764
2020-06-19,71.1327440885442
2020-06-22,74.09420356857609
2020-06-23,75.84387117999599
2020-06-24,64.85186046212637
2020-06-25,70.29096865747805
2020-06-26,56.86888176712719
2020-06-29,58.427020279891366
2020-06-30,62.36268452496732
2020-07-01,62.661050334982356
2020-07-02,65.51619613963294
2020-07-06,65.4294185358382
2020-07-07,58.12965288563441
2020-07-08,63.193056309341905
2020-07-09,63.77883498740329
2020-07-10,86.47239197853321
2020-07-13,74.22097967332391
2020-07-14,72.1393185320423
2020-07-15,68.0097024859041
2020-07-16,64.59784541966748
2020-07-17,64.67394781609397
2020-07-20,73.60413931083937
2020-07-21,66.19591501374246
2020-07-22,64.40157806029237
2020-07-23,64.3195581604837
2020-07-24,57.29885100075481
2020-07-27,73.12896226438394
2020-07-28,64.3834831183769
2020-07-29,62.224256407109934
2020-07-30,59.574524527871176
2020-07-31,63.17598503429582
2020-08-03,60.340119341125224
2020-08-04,64.56579392872459
2020-08-05,61.659659106533894
2020-08-06,63.53379708429743
2020-08-07,57.92546571581358
2020-08-10,64.31513472107817
2020-08-11,55.99949260436013
2020-08-12,61.44899085247366
2020-08-13,65.44003531550389
2020-08-14,63.42407701913974
2020-08-17,58.002434315271515
2020-08-18,63.257785164256426
2020-08-19,60.67125461668414
2020-08-20,72.13521197303093
2020-08-21,76.91325078728765
2020-08-24,72.76955527084569
2020-08-25,80.81848702427018
2020-08-26,82.32957651248043
2020-08-27,80.28263529778192
2020-08-28,76.78956669594555
2020-08-31,73.37323609011415
2020-09-01,77.2517803252166
2020-09-02,78.25837278999319
2020-09-03,56.807607899364434
2020-09-04,56.26687039003683
2020-09-08,43.15074397026557
2020-09-09,57.083774475454206
2020-09-10,42.91593981327174
2020-09-11,39.55984255946199
2020-09-14,46.81588384670951
2020-09-15,47.77839826870771
2020-09-16,41.61478569084487
2020-09-17,39.119874003759556
2020-09-18,32.94219652199554
2020-09-21,31.01247045340716
2020-09-22,34.510857843318306
2020-09-23,22.264925829998038
2020-09-24,18.596754914904356
2020-09-25,25.644138571410675
2020-09-28,30.06977848548933
2020-09-29,27.75096329027093
2020-09-30,26.13800189353262
2020-10-01,27.536085919071056
2020-10-02,36.62175916502603
2020-10-05,48.034994399946825
2020-10-06,56.91105881784018
2020-10-07,54.47770504258619
2020-10-08,62.83859227673112
2020-10-09,69.85144710953074
2020-10-12,71.83440063181756
2020-10-13,66.70710762419205
2020-10-14,68.1910119635629
2020-10-15,70.91789839847583
2020-10-16,73.33601984371757
2020-10-19,68.47049953059415
2020-10-20,63.957855705294875
2020-10-21,73.49681415008146
2020-10-22,73.56117376996502
2020-10-23,67.00319046722609
2020-10-26,54.55255335730487
2020-10-27,57.31365311653745
2020-10-28,42.26737106728502
2020-10-29,43.40156802738589
2020-10-30,42.88884089621911
2020-11-02,35.45339866897062
2020-11-03,47.28935382115017
2020-11-04,51.722944762631734
2020-11-05,58.947367545638016
2020-11-06,54.84828782447295
2020-11-09,42.44185981303565
2020-11-10,39.44639684413736
2020-11-11,48.560060550847396
2020-11-12,46.82987853063535
2020-11-13,51.36651995808844
2020-11-16,59.390566447508114
2020-11-17,56.69198068581385
2020-11-18,55.052177091476416
2020-11-19,56.23664728728225
2020-11-20,53.487561073896
2020-11-23,60.70247668889608
2020-11-24,63.52167313444231
2020-11-25,78.45103503387384
2020-11-27,74.95846716300575
2020-11-30,83.18838772604691
2020-12-01,87.28603016705881
2020-12-02,79.94466211144336
2020-12-03,67.9348976361114
2020-12-04,61.942550522401795
2020-12-07,62.217268746106384
2020-12-08,68.20160068264651
2020-12-09,65.78684011335824
2020-12-10,60.068149030366115
2020-12-11,62.342257325254394
2020-12-14,60.21180852650289
2020-12-15,61.69145685984288
2020-12-16,64.65907712882652
2020-12-17,70.50704581312829
2020-12-18,67.33172260970635
2020-12-21,68.6558185490673
2020-12-22,69.08765310668724
2020-12-23,63.31449192409009
2020-12-24,62.75505497811896
2020-12-28,62.040132563492875
2020-12-29,48.197877181417155
2020-12-30,43.27097012856309
2020-12-31,43.035028757396745
2021-01-04,37.446419952391956
2021-01-05,37.95688034962576
2021-01-06,36.01593375192248
2021-01-07,43.763022936228396
2021-01-08,54.81232467409294
2021-01-11,49.1256243401229
2021-01-12,51.189588270260884
2021-01-13,50.28678194330654
2021-01-14,45.68449450503954
2021-01-15,40.22323716473695
2021-01-19,42.05198259910688
2021-01-20,49.34146607129029
2021-01-21,52.03473057926607
2021-01-22,50.54147661040219
2021-01-25,53.268649576613456
2021-01-26,52.076293498081995
2021-01-27,40.21526140993632
2021-01-28,56.774473353323025
2021-01-29,49.23331026486365
2021-02-01,57.89824580812554
2021-02-02,69.34234738350959
2021-02-03,65.8172087657373
2021-02-04,71.43859201771103
2021-02-05,63.85739346465773
2021-02-08,62.95048528663174
2021-02-09,67.81553649662825
2021-02-10,65.53972294462088
2021-02-11,65.95119166927354
2021-02-12,68.52953626224114
2021-02-16,72.56536104819776
2021-02-17,64.77051126719063
2021-02-18,55.1218691963503
2021-02-19,53.732993928607996
2021-02-22,45.31735171004526
2021-02-23,41.5712253365082
2021-02-24,45.51644878578386
2021-02-25,45.88336230419553
2021-02-26,43.85702098144237
2021-03-01,60.92931946870206
2021-03-02,45.474823605457516
2021-03-03,31.93217844511498
2021-03-04,25.685078976475914
2021-03-05,27.055109653465806
2021-03-08,18.455528475554356
2021-03-09,26.143903115170534
2021-03-10,25.34373809273781
2021-03-11,34.32620861814405
2021-03-12,32.37059667429466
2021-03-15,33.33228286173977
2021-03-16,33.3269299483315
2021-03-17,36.61558637374212
2021-03-18,30.124771316554742
2021-03-19,32.124114390410256
2021-03-22,43.63282599199726
2021-03-23,41.22706813929825
2021-03-24,30.660278462207252
2021-03-25,39.445894590450784
2021-03-26,44.0281496059953
2021-03-29,32.98083635250349
2021-03-30,39.78167189736373
2021-03-31,52.67839043377149
2021-04-01,64.97602086307481
2021-04-05,65.71194374428089
2021-04-06,72.34679614252438
2021-04-07,59.48099394324397
2021-04-08,62.98882890722626
2021-04-09,56.77369279547463
2021-04-12,56.682473873893684
2021-04-13,56.09397616614209
2021-04-14,52.27105215089825
2021-04-15,55.152065387063615
2021-04-16,65.66365930255252
2021-04-19,59.037526930377396
2021-04-20,51.373244569159624
2021-04-21,60.22443848447029
2021-04-22,64.45696123401245
2021-04-23,69.52964427449696
2021-04-26,68.17037708065955
2021-04-27,68.81709275132908
2021-04-28,67.2771206682473
2021-04-29,63.01061501872803
2021-04-30,53.91340396244645
2021-05-03,45.19397284932112
2021-05-04,39.78308790639781
2021-05-05,38.7713744492159
2021-05-06,36.88668868219808
2021-05-07,37.217046845940935
2021-05-10,29.821289057762797
2021-05-11,27.314218811478206
2021-05-12,22.666278928323774
2021-05-13,20.836521610803814
2021-05-14,27.348171805736328
2021-05-17,29.637823811865754
2021-05-18,31.130252429523196
2021-05-19,27.75975675240155
2021-05-20,36.062740092536366
2021-05-21,29.445046232965755
2021-05-24,30.564595629484238
2021-05-25,30.662838761236085
2021-05-26,34.09433727495252
2021-05-27,33.2478838524265
2021-05-28,36.46390152637932
2021-06-01,38.62714891139927
2021-06-02,45.246031478846824
2021-06-03,43.77303293192096
2021-06-04,46.906053692499746
2021-06-07,45.79890850502204
2021-06-08,55.429138060254374
2021-06-09,54.77133618524377
2021-06-10,66.01585820181683
2021-06-11,65.51970164295484
2021-06-14,60.635874676723866
2021-06-15,59.04535095058329
2021-06-16,62.33197536707234
2021-06-17,64.66810293726382
2021-06-18,55.130303191797246
2021-06-21,60.00809996347839
2021-06-22,57.46396869819349
2021-06-23,59.237229514648675
2021-06-24,59.254939746914665
2021-06-25,59.35644864732822
2021-06-28,62.521786106912586
2021-06-29,62.95160754260543
2021-06-30,61.845944305413624
2021-07-01,65.53132702548517
2021-07-02,63.4172671502679
2021-07-06,61.342050667709664
2021-07-07,60.23272411044015
2021-07-08,57.63908165059446
2021-07-09,59.551673615865084
2021-07-12,59.05609586773458
2021-07-13,55.01287135554576
2021-07-14,56.2047669767409
2021-07-15,52.111901441590454
2021-07-16,46.48493136379521
2021-07-19,45.120352847730366
2021-07-20,47.23577237915688
2021-07-21,49.5165232191155
2021-07-22,49.126071716074925
2021-07-23,50.39976195161026
2021-07-26,50.732718298258014
2021-07-27,42.66355573182003
2021-07-28,44.46114955399799
2021-07-29,46.35821950537078
2021-07-30,42.472750783473685
2021-08-02,39.865500344848186
2021-08-03,41.78463758895599
2021-08-04,42.762323224287414
2021-08-05,49.51191478049413
2021-08-06,45.202763973194536
2021-08-09,44.995403914281724
2021-08-10,44.566556010897585
2021-08-11,45.049617863661325
2021-08-12,49.62631117882918
2021-08-13,51.680417950932345
2021-08-16,55.35514685348337
2021-08-17,46.629648965107776
2021-08-18,39.30054488505126
2021-08-19,38.68384570981368
2021-08-20,39.46618647201139
2021-08-23,44.152969292841
2021-08-24,51.539878595493256
2021-08-25,50.407196883643586
2021-08-26,47.02397897147939
2021-08-27,54.32251923816264
2021-08-30,57.376017165610605
2021-08-31,55.52425444890069
2021-09-01,55.92593751589339
2021-09-02,52.66065623577977
2021-09-03,53.977088127890795
2021-09-07,53.9165979927282
2021-09-08,52.65275000758513
2021-09-09,51.990251893932516
2021-09-10,47.82772624613464
2021-09-13,48.38824966372937
2021-09-14,47.50408857544381
2021-09-15,54.25529270008515
2021-09-16,58.375253408562656
2021-09-17,55.50536184760742
2021-09-20,41.91820748282312
2021-09-21,37.884868461965794
2021-09-22,39.07814676778472
2021-09-23,43.19841754818656
2021-09-24,46.03290200410462
2021-09-27,41.089302481551556
2021-09-28,29.291172342744513
2021-09-29,28.317268096015603
2021-09-30,25.221926068274506
2021-10-01,26.591652049867733
2021-10-04,18.708116940466553
2021-10-05,22.658608296166722
2021-10-06,26.493033958625706
2021-10-07,32.10051446738783
2021-10-08,33.335623677958985
2021-10-11,31.967003550195866
2021-10-12,33.01810928166436
2021-10-13,32.40462389024694
2021-10-14,36.62459435758316
2021-10-15,42.17790761339796
2021-10-18,54.60777925263465
2021-10-19,56.36945035733152
2021-10-20,52.485062174093976
2021-10-21,50.374116887852
2021-10-22,46.57716241072332
2021-10-25,50.4349620320245
2021-10-26,60.56926483218745
2021-10-27,61.13261008189697
2021-10-28,69.18079133622328
2021-10-29,68.00238234721635
2021-11-01,78.34372783810953
2021-11-02,73.26914976928379
2021-11-03,76.01813809215399
2021-11-04,73.25506197069485
2021-11-05,74.40785820797983
2021-11-08,77.7632850256386
2021-11-09,75.60418427160978
2021-11-10,68.52720420750691
2021-11-11,65.55716002435072
2021-11-12,65.54124891424
2021-11-15,62.23551891970293
2021-11-16,62.396207433331504
2021-11-17,60.41001227197113
2021-11-18,58.850640174934185
2021-11-19,63.43326983763096
2021-11-22,57.83856430151289
2021-11-23,56.38801207873654
2021-11-24,58.31134299872235
2021-11-26,41.41920691002518
2021-11-29,47.5064587843263
2021-11-30,38.84699908748469
2021-12-01,31.892482800210587
2021-12-02,31.552131105765113
2021-12-03,22.28562398702318
2021-12-06,26.64609883873823
2021-12-07,36.34561437670678
2021-12-08,42.21423850471031
2021-12-09,39.581982264309815
2021-12-10,39.07210385728693
2021-12-13,30.822456123020842
2021-12-14,26.82528293494333
2021-12-15,31.56772220958875
2021-12-16,24.26512462445092
2021-12-17,22.300971885424108
2021-12-20,17.29490211598528
2021-12-21,28.58377748254089
2021-12-22,33.74632574870526
2021-12-23,35.80212736007958
2021-12-27,51.76077605921383
2021-12-28,42.8624600294012
2021-12-29,49.842521375602885
2021-12-30,55.588794353317496
2021-12-31,49.16722056901961
2022-01-03,63.607181699957735
2022-01-04,54.48897509937183
2022-01-05,32.27281488748767
2022-01-06,30.09227321650202
2022-01-07,33.62763313739926
2022-01-10,32.021408992523355
2022-01-11,41.87546020331856
2022-01-12,46.068847251908785
2022-01-13,29.255006850323596
2022-01-14,42.21820824506341
2022-01-18,35.736257240797684
2022-01-19,35.49216758554951
2022-01-20,22.250923654920378
2022-01-21,9.082417453865318
2022-01-24,7.998700090340357
2022-01-25,0.0
2022-01-26,1.3250467460912603
2022-01-27,0.0
2022-01-28,6.403973616831486
2022-01-31,18.641810103012347
2022-02-01,15.877164774848765
2022-02-02,21.099796852297402
2022-02-03,19.948877793700177
2022-02-04,26.608091614202266
2022-02-07,26.981404035585644
2022-02-08,31.57363807788841
2022-02-09,34.068437957809195
2022-02-10,29.306200495296412
2022-02-11,26.677934890447467
2022-02-14,24.936016863086323
2022-02-15,39.98586091321726
2022-02-16,43.778496277020864
2022-02-17,37.53123677500132
2022-02-18,42.866928991671095
2022-02-22,37.31854966289476
2022-02-23,36.6411784652346
2022-02-24,45.03089567458315
2022-02-25,55.966934089804
2022-02-28,44.58771328665616
2022-03-01,25.997949065426727
2022-03-02,31.814876928961237
2022-03-03,25.084000207365676
2022-03-04,28.820273595344144
2022-03-07,10.593865087818635
2022-03-08,13.378818559013311
2022-03-09,20.704973121096625
2022-03-10,11.623948782168128
2022-03-11,8.298759907489902
2022-03-14,15.508403594084342
2022-03-15,22.943214171000793
2022-03-16,26.88884922237782
2022-03-17,32.07190188167499
2022-03-18,51.77944890646207
2022-03-21,59.03920219140944
2022-03-22,73.79751155138469
2022-03-23,77.28127573059129
2022-03-24,73.13068486918023
2022-03-25,67.83368235024486
2022-03-28,75.1397180220037
2022-03-29,92.79004793800456
2022-03-30,74.28006062531672
2022-03-31,74.67029963699649
2022-04-01,89.10731977445053
2022-04-04,100.0
2022-04-05,100.0
2022-04-06,76.63048530244214
2022-04-07,80.1190275598439
2022-04-08,85.05532766750562
2022-04-11,82.33463030438422
2022-04-12,65.28236035245551
2022-04-13,55.905334362615626
2022-04-14,42.72828712435223
2022-04-18,33.96548089059495
2022-04-19,43.85049418672186
2022-04-20,26.461487300165377
2022-04-21,26.582394553806107
2022-04-22,5.248912257483013
2022-04-25,6.426522542345275
2022-04-26,0.0
2022-04-27,0.0
2022-04-28,0.0
2022-04-29,0.0
2022-05-02,0.0
2022-05-03,0.0
2022-05-04,3.422657456924547
2022-05-05,0.0
2022-05-06,0.0
2022-05-09,0.0
2022-05-10,0.0
2022-05-11,0.0
2022-05-12,0.0
2022-05-13,0.0
2022-05-16,0.0
2022-05-17,0.0
2022-05-18,0.0
2022-05-19,0.0
2022-05-20,0.0
2022-05-23,0.0
2022-05-24,0.0
2022-05-25,3.3093345403098624
2022-05-26,1.2373447246719849
2022-05-27,31.561077661008714
2022-05-31,22.654123529023927
2022-06-01,21.321751677008905
2022-06-02,21.06968481061141
2022-06-03,30.14661182414259
2022-06-06,38.96631494462855
2022-06-07,64.77958513935252
2022-06-08,58.231083222063674
2022-06-09,62.0706875362239
2022-06-10,50.72550817271051
2022-06-13,18.356284744991274
2022-06-14,27.933463285031753
2022-06-15,20.2689798034594
2022-06-16,22.712661302941
2022-06-17,31.49851175812262
2022-06-21,45.53285411945984
2022-06-22,33.11290268756623
2022-06-23,51.361500718044816
2022-06-24,61.09651054110633
2022-06-27,47.42812516645588
2022-06-28,20.737634161650924
2022-06-29,18.51205151856284
2022-06-30,11.343746869616062
2022-07-01,1.0911332083992278
2022-07-05,17.295710841662675
2022-07-06,18.04253900024813
2022-07-07,26.645247968661636
2022-07-08,31.193657018153008
2022-07-11,30.85761152245344
2022-07-12,38.06509673154879
2022-07-13,53.357261126254755
2022-07-14,51.803484948701275
2022-07-15,52.23187754425412
2022-07-18,70.1409339062455
2022-07-19,79.26961202082818
2022-07-20,74.4520452897629
2022-07-21,81.24680082230599
2022-07-22,62.871233535882055
2022-07-25,45.746060298401794
2022-07-26,39.64829306592334
2022-07-27,70.83907394573052
2022-07-28,75.35050646706104
2022-07-29,92.88075162016484
2022-08-01,90.0283904761105
2022-08-02,86.17616925643625
2022-08-03,92.95589236641544
2022-08-04,80.05119062198436
2022-08-05,79.98016199990501
2022-08-08,91.2898533382976
2022-08-09,91.20121798726484
2022-08-10,100.0
2022-08-11,100.0
2022-08-12,100.0
2022-08-15,100.0
2022-08-16,92.01057327153347
2022-08-17,80.18328864234267
2022-08-18,77.74271991787683
2022-08-19,82.3324732441255
2022-08-22,73.00483100072495
2022-08-23,81.5992970091358
2022-08-24,67.92032005559395
2022-08-25,71.74609680578038
2022-08-26,47.92546869742044
2022-08-29,47.2326271908928
2022-08-30,38.892701527456815
2022-08-31,27.312392759214823
2022-09-01,27.919967693076416
2022-09-02,18.238451378487486
2022-09-06,20.358602462193037
2022-09-07,30.89781490012628
2022-09-08,23.48506748923584
2022-09-09,33.169772576714394
2022-09-12,31.13084607521374
2022-09-13,10.75745672770072
2022-09-14,14.095444767237481
2022-09-15,12.808419794969303
2022-09-16,9.10491922491184
2022-09-19,18.691177569503964
2022-09-20,25.522229446435198
2022-09-21,17.66174168704603
2022-09-22,13.432350854036429
2022-09-23,2.9730231501290305
2022-09-26,19.029415107168564
2022-09-27,23.956734925162593
2022-09-28,30.04850327888608
2022-09-29,21.856336665592124
2022-09-30,15.573834969148557
2022-10-03,28.556211557272086
2022-10-04,40.76785362489663
2022-10-05,35.67693884605174
2022-10-06,31.086938360449306
2022-10-07,9.448655897684162
2022-10-10,1.6209028515163908
2022-10-11,14.966803110929291
2022-10-12,10.76852614596445
2022-10-13,25.73025526287961
2022-10-14,18.929636156441653
2022-10-17,27.524908146670306
2022-10-18,32.48253993838125
2022-10-19,40.18121840378084
2022-10-20,41.73176301853763
2022-10-21,56.313594821107905
2022-10-24,58.365797514395126
2022-10-25,62.72053957712783
2022-10-26,50.17969215718619
2022-10-27,51.65536865665435
2022-10-28,72.67581086576271
2022-10-31,61.66684565399835
2022-11-01,45.19301886106668
2022-11-02,30.113121675082866
2022-11-03,25.937513335873394
2022-11-04,44.8715046150253
2022-11-07,53.346529683310585
2022-11-08,58.91565257741882
2022-11-09,48.06567731845621
2022-11-10,60.16004391771687
2022-11-11,81.96258542555879
2022-11-14,63.08607119666788
2022-11-15,64.18212711805155
2022-11-16,55.79158789448111
2022-11-17,56.951126748655646
2022-11-18,50.04081267820398
2022-11-21,41.63716219384515
2022-11-22,39.733085045285094
2022-11-23,52.94565876442956
2022-11-25,60.531360506777496
2022-11-28,38.785632468908226
2022-11-29,41.505816012327756
2022-11-30,60.12735041273278
2022-12-01,72.6570910842559
2022-12-02,77.87994518943447
2022-12-05,66.72057828609307
2022-12-06,50.8831091737991
2022-12-07,45.60415135595702
2022-12-08,65.36493182862087
2022-12-09,39.516184049935276
2022-12-12,36.9606928217068
2022-12-13,42.311141665297775
2022-12-14,34.62341533898837
2022-12-15,28.700791291883547
2022-12-16,24.379024410040333
2022-12-19,19.084348210206098
2022-12-20,25.52633242991729
2022-12-21,26.80089343575738
2022-12-22,15.574057115431692
2022-12-23,19.981120452390194
2022-12-27,23.528551854252317
2022-12-28,19.67046009963958
2022-12-29,15.803854451056004
2022-12-30,18.736267576508098
2023-01-03,14.860569428075472
2023-01-04,20.32065775675794
2023-01-05,24.7318226113139
2023-01-06,35.52407588523698
2023-01-09,30.95069260802741
2023-01-10,37.68786243120677
2023-01-11,38.069526894658246
2023-01-12,36.551001081310325
2023-01-13,44.99238347990563
2023-01-17,60.76398268459365
2023-01-18,55.25298124268679
2023-01-19,56.32094240190089
2023-01-20,68.03488537497863
2023-01-23,71.85634669058084
2023-01-24,79.017599964183
2023-01-25,75.40589342998219
2023-01-26,89.13474827071028
2023-01-27,99.97621882688637
2023-01-30,80.45818543920387
2023-01-31,85.58209152454859
2023-02-01,98.14094289098423
2023-02-02,100.0
2023-02-03,100.0
2023-02-06,100.0
2023-02-07,100.0
2023-02-08,96.15082385955228
2023-02-09,85.96850167071815
2023-02-10,84.45253247042211
2023-02-13,85.7903363768549
2023-02-14,89.31272793350692
2023-02-15,100.0
2023-02-16,99.04577010104587
2023-02-17,82.31985833411534
2023-02-21,65.02795647425071
2023-02-22,67.42210050365307
2023-02-23,70.35957369876854
2023-02-24,56.87191861602401
2023-02-27,54.374251398239544
2023-02-28,59.95320467413494
2023-03-01,54.99048511157435
2023-03-02,53.51611770035229
2023-03-03,46.896582421298
2023-03-06,49.657022835949405
2023-03-07,46.23043104537996
2023-03-08,40.24806381482756
2023-03-09,37.04571430595033
2023-03-10,27.479325129480046
2023-03-13,25.452657820449684
2023-03-14,31.763178979385962
2023-03-15,22.659984097128465
2023-03-16,31.675030752253228
2023-03-17,30.93082894792166
2023-03-20,36.96253140984562
2023-03-21,54.01583385056761
2023-03-22,42.46118643610801
2023-03-23,42.84476479956295
2023-03-24,49.187394544998874
2023-03-27,49.14052134711352
2023-03-28,49.48770044195419
2023-03-29,58.18264245931371
2023-03-30,56.84716255264722
2023-03-31,54.50656231584713
2023-04-03,51.77228286405651
2023-04-04,51.59014802232315
2023-04-05,44.00867932908551
2023-04-06,59.050992986185776
2023-04-10,75.8280528832211
2023-04-11,77.27715248651478
2023-04-12,59.626415042573875
2023-04-13,73.80981190419377
2023-04-14,60.36613041995314
2023-04-17,70.52967835797317
2023-04-18,67.51077698017438
2023-04-19,58.06001678515121
2023-04-20,64.38643051562316
2023-04-21,63.42688608356325
2023-04-24,59.2802170730279
2023-04-25,45.9436856814437
2023-04-26,50.2512534833835
2023-04-27,55.009710661414914
2023-04-28,51.540032836182945
2023-05-01,50.21337460270144
2023-05-02,44.34492159848035
2023-05-03,45.02920369928575
2023-05-04,47.45044444037277
2023-05-05,56.05391794471895
2023-05-08,55.26493793505315
2023-05-09,54.40146498971893
2023-05-10,61.210165916174255
2023-05-11,51.860050951000545
2023-05-12,51.78124729415237
2023-05-15,52.04202904639482
2023-05-16,52.63647110420296
2023-05-17,58.734462459774726
2023-05-18,72.47427721326792
2023-05-19,71.26202366713585
2023-05-22,76.71895436119262
2023-05-23,82.66778128978454
2023-05-24,77.39804299996915
2023-05-25,74.67898796582874
2023-05-26,84.302080010751
2023-05-30,79.98300993206603
2023-05-31,83.95832715960861
2023-06-01,92.3208748775199
2023-06-02,100.0
2023-06-05,89.701858427328
2023-06-06,88.74342489940334
2023-06-07,86.85389573846959
2023-06-08,87.394705042833
2023-06-09,89.14350618109356
2023-06-12,94.96907660045044
2023-06-13,97.58702480411336
2023-06-14,98.7530177984635
2023-06-15,94.41531460340292
2023-06-16,84.3704569961869
2023-06-20,82.67717258924253
2023-06-21,74.83036901717156
2023-06-22,86.36237410028582
2023-06-23,82.48389858134465
2023-06-26,66.9509862515249
2023-06-27,65.94891511907629
2023-06-28,67.32427763309127
2023-06-29,75.09765956199274
2023-06-30,75.47162262024834
2023-07-03,70.31143996983012
2023-07-05,71.1311721376629
2023-07-06,69.06643675873352
2023-07-07,71.9394739605028
2023-07-10,70.0352672400383
2023-07-11,68.45145452245393
2023-07-12,64.06238206701255
2023-07-13,61.90167340966598
2023-07-14,61.5677496498267
2023-07-17,62.69809681988398
2023-07-18,66.68924989259078
2023-07-19,67.46892400042816
2023-07-20,66.24777562057999
2023-07-21,59.76763857820506
2023-07-24,66.78118495322698
2023-07-25,75.43860242799144
2023-07-26,65.56941178375325
2023-07-27,66.59661916784451
2023-07-28,69.99422153351392
2023-07-31,64.69958351280306
2023-08-01,62.41430924593388
2023-08-02,53.317865654350804
2023-08-03,55.01225412030703
2023-08-04,51.18856353134971
2023-08-07,53.34643257076534
2023-08-08,48.74215316727806
2023-08-09,42.74494911357866
2023-08-10,42.30740358273343
2023-08-11,39.99908976084847
2023-08-14,41.69385284031518
2023-08-15,35.20993328307694
2023-08-16,32.383991407702
2023-08-17,33.86234726354557
2023-08-18,33.175994591767825
2023-08-21,39.203860258708396
2023-08-22,36.737048274236294
2023-08-23,41.66124129672653
2023-08-24,34.10772306140056
2023-08-25,32.1901698517495
2023-08-28,35.40784609121298
2023-08-29,40.12934390381655
2023-08-30,50.57848971028905
2023-08-31,47.76684768531453
2023-09-01,54.06359596589706
2023-09-05,52.549740026553785
2023-09-06,53.892892900075196
2023-09-07,53.813284162168
2023-09-08,51.31544899335205
2023-09-11,57.43052532318997
2023-09-12,48.190177656903714
2023-09-13,53.163533321537784
2023-09-14,60.79736820912666
2023-09-15,59.9691068584475
2023-09-18,61.25307880247691
2023-09-19,53.58988822181978
2023-09-20,47.17131899855217
2023-09-21,38.29845954148979
2023-09-22,43.66986048515929
2023-09-25,43.01081826468556
2023-09-26,34.52137228396004
2023-09-27,32.135116343607066
2023-09-28,32.01518598722793
2023-09-29,32.935296773314874
2023-10-02,35.98305668865761
2023-10-03,29.641231776384373
2023-10-04,35.84268448369018
2023-10-05,39.15537701656204
2023-10-06,46.5709813058356
2023-10-09,39.544035496840344
2023-10-10,46.714894759885205
2023-10-11,47.94685637255934
2023-10-12,44.342238842831804
2023-10-13,43.18297443680431
2023-10-16,49.47036797431219
2023-10-17,51.48320400506913
2023-10-18,51.94522099368427
2023-10-19,54.63150545706281
2023-10-20,47.6086386120249
2023-10-23,44.00317149787731
2023-10-24,54.01944192641889
2023-10-25,44.2113812744787
2023-10-26,33.308743629663184
2023-10-27,35.07839808624948
2023-10-30,35.76751221482877
2023-10-31,42.12477520783512
2023-11-01,42.023429951899395
2023-11-02,49.26317509670355
2023-11-03,44.206124189268955
2023-11-06,49.452438367787735
2023-11-07,48.663795620940434
2023-11-08,46.154859225481346
2023-11-09,45.343201762410814
2023-11-10,60.21151984146276
2023-11-13,53.069567819932885
2023-11-14,55.79548357889025
2023-11-15,64.01647686276927
2023-11-16,65.49101183562595
2023-11-17,75.39594353834542
2023-11-20,80.09196421046447
2023-11-21,72.83403012907173
2023-11-22,84.1356351140936
2023-11-24,95.17428087258051
2023-11-27,91.2560950580172
2023-11-28,84.60115413254398
2023-11-29,80.73095828302309
2023-11-30,75.90239129243372
2023-12-01,68.82500710642617
2023-12-04,63.06922457349448
2023-12-05,59.652638860232955
2023-12-06,53.77818608709173
2023-12-07,60.44903510181296
2023-12-08,65.49116565292266
2023-12-11,57.6243873415852
2023-12-12,60.66238432035467
2023-12-13,56.58902706914654
2023-12-14,52.78022514247525
2023-12-15,56.548610570490936
2023-12-18,58.75678995516607
2023-12-19,56.73800677877814
2023-12-20,51.519019904513264
2023-12-21,54.798253720658266
2023-12-22,54.72858179009803
2023-12-26,59.931721862617934
2023-12-27,58.57236882976052
2023-12-28,62.13868355411349
2023-12-29,59.377590342462334
2024-01-02,54.25290533572005
2024-01-03,51.13383807418192
2024-01-04,50.852095449980226
2024-01-05,55.4162520234366
2024-01-08,57.63096272215794
2024-01-09,53.99345159420065
2024-01-10,56.709688138950646
2024-01-11,52.921965574246364
2024-01-12,51.02746981326255
2024-01-16,53.58805070149448
2024-01-17,50.50027692008544
2024-01-18,53.86655330981053
2024-01-19,58.51231247922753
2024-01-22,67.00515844594027
2024-01-23,63.877660933527785
2024-01-24,65.33903686707332
2024-01-25,62.10490361674114
2024-01-26,62.69526889162818
2024-01-29,64.57489721871113
2024-01-30,64.50120526928308
2024-01-31,56.75536622628551
2024-02-01,66.19097092589996
2024-02-02,78.8309625571982
2024-02-05,79.51514383122696
2024-02-06,69.18829315624768
2024-02-07,73.28285630005334
2024-02-08,71.75413195422573
2024-02-09,79.26120413136073
2024-02-12,78.13233666080029
2024-02-13,72.55325903238794
2024-02-14,78.29165688933169
2024-02-15,71.86354968050333
2024-02-16,62.09593173793
2024-02-20,57.12488578701181
2024-02-21,53.93611168607429
2024-02-22,64.44026965563286
2024-02-23,62.371798880532786
2024-02-26,63.73664315869232
2024-02-27,62.57842202645577
2024-02-28,62.18209433665706
2024-02-29,78.11446735003499
2024-03-01,77.26115091618884
2024-03-04,64.46834913027843
2024-03-05,53.419183705614564
2024-03-06,56.79977978482701
2024-03-07,57.87128675088447
2024-03-08,50.031459781491655
2024-03-11,43.33902202155604
2024-03-12,52.8185515680286
2024-03-13,55.23612645508439
2024-03-14,52.11645335244006
2024-03-15,47.89725776649442
2024-03-18,54.05272666158925
2024-03-19,58.903121777101
2024-03-20,64.07760228390514
2024-03-21,51.57849182730122
2024-03-22,53.554539091683345
2024-03-25,52.98333030075523
2024-03-26,48.702099211766615
2024-03-27,53.8658140175595
2024-03-28,50.38549800104601
2024-04-01,50.37280331241301
2024-04-02,47.675902583928014
2024-04-03,57.34102243207202
2024-04-04,48.238512196757064
2024-04-05,49.82486857443685
2024-04-08,57.003729529023865
2024-04-09,58.21474626053087
2024-04-10,51.38980333642672
2024-04-11,60.40790484818243
2024-04-12,50.47924685772087
2024-04-15,48.19712808142719
2024-04-16,45.038376835021204
2024-04-17,37.86548948884815
2024-04-18,32.590558663271686
2024-04-19,22.673037342072845
2024-04-22,27.98564072344196
2024-04-23,34.441571054790316
2024-04-24,38.02864308089481
2024-04-25,35.282056206992095
2024-04-26,44.18887292445375
2024-04-29,41.4926395430541
2024-04-30,35.755288751575804
2024-05-01,32.27541025903405
2024-05-02,44.501863110390666
2024-05-03,43.98779865061594
2024-05-06,47.25787644457626
2024-05-07,46.15789028688975
2024-05-08,44.789072131073496
2024-05-09,37.20524868808668
2024-05-10,46.93142569348368
2024-05-13,54.899412647283924
2024-05-14,56.57694543573689
2024-05-15,68.32291782433516
2024-05-16,69.07457717197931
2024-05-17,80.96759121479529
2024-05-20,79.05944547174396
2024-05-21,71.96501049474996
2024-05-22,69.90905025934242
2024-05-23,71.207859409222
2024-05-24,67.37370628910664
2024-05-28,71.22415684625489
2024-05-29,81.07592293459491
2024-05-30,76.90189799036114
2024-05-31,66.27177054548139
2024-06-03,58.669313002972075
2024-06-04,52.1672543581324
2024-06-05,61.924780319309775
2024-06-06,61.311579397224584
2024-06-07,63.876797692270095
2024-06-10,65.38223849499633
2024-06-11,66.92567867778249
2024-06-12,70.02489831703222
2024-06-13,64.80898049022439
2024-06-14,65.74881700311141
2024-06-17,71.7462449724608
2024-06-18,66.14749152187943
2024-06-20,62.15569591462867
2024-06-21,61.571546000544096
2024-06-24,55.592984384790206
2024-06-25,56.381507328591724
2024-06-26,56.38641464690948
2024-06-27,59.00945089926609
2024-06-28,62.039853995161124
2024-07-01,73.26160684398354
2024-07-02,75.75288658797052
2024-07-03,79.09725493770145
2024-07-05,72.18652180614627
2024-07-08,74.65948305556685
2024-07-09,72.33911914972333
2024-07-10,76.38309390089205
2024-07-11,59.33504714886959
2024-07-12,55.49426709591003
2024-07-15,59.58730128686676
2024-07-16,58.38651255561771
2024-07-17,36.559585861339755
2024-07-18,35.43630044466289
2024-07-19,35.38696036219639
2024-07-22,45.25910883452113
2024-07-23,50.88055976909484
2024-07-24,25.35221272106579
2024-07-25,15.519174303788283
2024-07-26,18.19276528947921
2024-07-29,22.333728852423445
2024-07-30,8.002015628649225
2024-07-31,13.734311556758875
2024-08-01,0.0
2024-08-02,0.0
2024-08-05,0.0
2024-08-06,0.0
2024-08-07,0.0
2024-08-08,0.0
2024-08-09,0.0
2024-08-12,0.0
2024-08-13,0.0
2024-08-14,8.67049190768688
2024-08-15,25.34508967125773
2024-08-16,28.91439132761284
2024-08-19,26.993489725446175
2024-08-20,24.66905082139803
2024-08-21,45.12663647511278
2024-08-22,43.849052684313676
2024-08-23,45.70248325790098
2024-08-26,41.98617789426623
2024-08-27,50.717128798851014
2024-08-28,35.772070273880345
2024-08-29,49.70586798854573
2024-08-30,74.06762100007688
2024-09-03,72.9312417142887
2024-09-04,59.63083387740378
2024-09-05,65.02059852688701
2024-09-06,34.374267751543215
2024-09-09,38.65904573600071
2024-09-10,40.84350670600861
2024-09-11,41.55386037709377
2024-09-12,48.122131414884294
2024-09-13,35.246788860682976
2024-09-16,30.829656604048576
2024-09-17,26.242662576389076
2024-09-18,29.372056166980308
2024-09-19,40.16868259679712
2024-09-20,44.97344748590018
2024-09-23,40.5749565417115
2024-09-24,46.938560303690466
2024-09-25,47.232935069134726
2024-09-26,57.548592644928725
2024-09-27,53.91006350087175
2024-09-30,50.43240548765129
2024-10-01,60.716430262755395
2024-10-02,66.53241284737832
2024-10-03,67.47649876150484
2024-10-04,94.90535685842674
2024-10-07,82.31380194531134
2024-10-08,87.65053793694645
2024-10-09,79.7808576994903
2024-10-10,72.28122098262091
2024-10-11,71.51399174480211
2024-10-14,81.38963041554214
2024-10-15,71.22046835677347
2024-10-16,72.38032638773433
2024-10-17,60.68231372428118
2024-10-18,65.65331322064297
2024-10-21,68.47823299439028
2024-10-22,67.54130220528738
2024-10-23,58.06111834295775
2024-10-24,57.334843972559895
2024-10-25,64.74465453505339
2024-10-28,65.184057109115
2024-10-29,79.85524429683824
2024-10-30,76.11209160683936
2024-10-31,56.804839671090164
2024-11-01,51.86401335153297
2024-11-04,53.84798686088739
2024-11-05,53.673326073118524
2024-11-06,68.88680532937893
2024-11-07,74.92816452816467
2024-11-08,73.44595164640225
2024-11-11,68.77987195831537
2024-11-12,78.39645843362223
2024-11-13,75.7289516252366
2024-11-14,70.28557897754028
2024-11-15,53.997182920081485
2024-11-18,52.532533777006414
2024-11-19,56.007826049144505
2024-11-20,64.1031591852974
2024-11-21,60.504580855439485
2024-11-22,57.67903067551861
2024-11-25,52.656316315499865
2024-11-26,52.878749620733004
2024-11-27,49.901565716779764
2024-11-29,68.90239261176217
2024-12-02,68.09742084305239
2024-12-03,74.54719479537559
2024-12-04,72.71190131679549
2024-12-05,50.915704242831104
2024-12-06,49.30721986744429
2024-12-09,46.399030261391474
2024-12-10,44.048750807190174
2024-12-11,53.346356928060956
2024-12-12,52.720018344985405
2024-12-13,58.150491891195436
2024-12-16,79.06689710838666
2024-12-17,74.09864893887216
2024-12-18,51.65622753047845
2024-12-19,52.1968081549146
2024-12-20,56.62456853112244
2024-12-23,62.95037572156257
2024-12-24,73.05290439333682
2024-12-26,67.31400054343162
2024-12-27,64.78659025623992
2024-12-30,53.641304727167906
2024-12-31,41.001395047950616
2025-01-02,37.166443358775744
2025-01-03,41.922952498235695
2025-01-06,49.901634160585644
2025-01-07,37.078634519321405
2025-01-08,38.45896326917685
2025-01-10,33.43271548030178
2025-01-13,21.421309068473725
2025-01-14,21.477695309680655
2025-01-15,28.509246043900532
2025-01-16,15.307023197220367
2025-01-17,25.60017936549611
2025-01-21,45.09654743051799
2025-01-22,53.29872213076471
2025-01-23,50.858279482898
2025-01-24,39.12885440403555
2025-01-27,10.608975603917848
2025-01-28,23.028141293220223
2025-01-29,28.19909047263923
2025-01-30,39.17046448487554
2025-01-31,42.994846664253366
2025-02-03,36.82833094331707
2025-02-04,32.66684459602412
2025-02-05,24.227242200055354
2025-02-06,37.330197611960955
2025-02-07,31.96230913303325
2025-02-10,44.2200516951242
2025-02-11,44.47976008417955
2025-02-12,50.04469707318397
2025-02-13,45.58514469060255
2025-02-14,53.2205116470712
2025-02-18,46.82101773653577
2025-02-19,43.97616482030921
2025-02-20,30.62933506681683
2025-02-21,11.822058466555305
2025-02-24,8.269170411505407
2025-02-25,18.49349742133088
2025-02-26,6.801977160220588
2025-02-27,0.0
2025-02-28,0.0
2025-03-03,0.0
2025-03-04,0.0
2025-03-05,0.0
2025-03-06,0.0
2025-03-07,0.0
2025-03-10,0.0
2025-03-11,0.0
2025-03-12,0.0
2025-03-13,0.0
2025-03-14,0.0
2025-03-17,0.0
2025-03-18,0.0
2025-03-19,0.0
2025-03-20,0.0
2025-03-21,0.0
2025-03-24,5.2794089146471705
2025-03-25,17.568387356939873
2025-03-26,7.431850386288303
2025-03-27,19.254610947706592
2025-03-28,0.0
2025-03-31,9.047168070347261
2025-04-01,13.769532896634125
2025-04-02,8.773026890584987
2025-04-03,0.0
2025-04-04,0.0
2025-04-07,0.0
2025-04-08,0.0
2025-04-09,25.151780312630866
2025-04-10,15.406589902118405
2025-04-11,14.009408661262349
2025-04-14,12.64902014705578
2025-04-15,20.42673622915146
2025-04-16,0.0
2025-04-17,0.30205762059882346
2025-04-21,0.0
2025-04-22,0.0
2025-04-23,0.0
2025-04-24,19.32346205588645
2025-04-25,26.022802868584673
2025-04-28,40.66081447977827
2025-04-29,45.316337834912886
2025-04-30,38.88893741419155
2025-05-01,43.62596258285367
2025-05-02,90.90490341887994
2025-05-05,100.0
2025-05-06,100.0
2025-05-07,100.0
2025-05-08,64.98887480356909
2025-05-09,86.85553396700328
2025-05-12,98.5187262439413
2025-05-13,100.0
2025-05-14,100.0
2025-05-15,100.0
2025-05-16,100.0
2025-05-19,100.0
2025-05-20,100.0
2025-05-21,100.0
2025-05-22,92.38695338518163
2025-05-23,81.9934249832347
2025-05-27,94.43494715324198
2025-05-28,91.31652989080686
2025-05-29,94.55979117540863
2025-05-30,80.7847670126653
2025-06-02,75.4442783935542
2025-06-03,83.00980375693675
2025-06-04,87.4692661098992
2025-06-05,83.38445356564267
2025-06-06,84.59786888215795
2025-06-09,85.68078193734935
2025-06-10,65.32076207323294
2025-06-11,53.55402998801583
2025-06-12,49.041784859177824
2025-06-13,47.13166428418956
2025-06-16,52.31282936847083
2025-06-17,46.588863272160594
2025-06-18,49.072664806024235
2025-06-20,51.126602360343924
2025-06-23,53.8919309653082
2025-06-24,66.27138268632659
2025-06-25,55.89665741588411
2025-06-26,61.300025439604696
2025-06-27,64.39451682928582
2025-06-30,68.42357980868815
2025-07-01,60.551017023906205
2025-07-02,61.66068130859138
2025-07-03,68.93213238416466
2025-07-07,68.0653841912777
2025-07-08,59.96351817884572
2025-07-09,61.63568923088095
2025-07-10,59.978508979715116
2025-07-11,64.26650094183623
2025-07-14,65.84346494438748
2025-07-15,73.69026485210125
2025-07-16,65.56436290232736
2025-07-17,75.2179929050335
2025-07-18,73.81456221596818
2025-07-21,77.71138361823161
2025-07-22,71.5081431618755
2025-07-23,68.86934980131298
2025-07-24,70.11068125041362
2025-07-25,66.96769795332386
2025-07-28,65.57652931018673
2025-07-29,62.53101438666961
2025-07-30,67.71618322929908
2025-07-31,60.516869959040626
2025-08-01,38.838179361204155
2025-08-04,51.47623252862828
2025-08-05,47.74284545413295
2025-08-06,51.37780698405738
2025-08-07,52.1126878151307
2025-08-08,57.845930476912685
2025-08-11,55.0773078890366
2025-08-12,59.43676857239383
2025-08-13,58.390877686683694
2025-08-14,55.60924202557312
2025-08-15,55.27732710994304
2025-08-18,55.003375115645845
2025-08-19,49.79303754276398
2025-08-20,41.79112720034878
2025-08-21,39.76268932240737
2025-08-22,45.98323562120115
2025-08-25,43.79513882807607
2025-08-26,48.17199960275606
2025-08-27,46.54420703579911
2025-08-28,50.334934967952414
2025-08-29,58.84666396116993
2025-09-02,46.43268448272647
2025-09-03,53.48809091237561
2025-09-04,50.47319478823258
2025-09-05,47.21344890696374
2025-09-08,42.348234390928624
2025-09-09,46.5295421087994
2025-09-10,39.6192610248709
2025-09-11,43.32057262508866
2025-09-12,45.96807578623959
2025-09-15,51.01881033099779
2025-09-16,49.57281742659909
2025-09-17,57.051554328105304
2025-09-18,66.42354038390539
2025-09-19,71.21009593575866
2025-09-22,67.69876229087066
2025-09-23,62.14143844714562
2025-09-24,60.63337529220722
2025-09-25,58.484012878885665
2025-09-26,58.95133413702693
2025-09-29,67.52644644314876
2025-09-30,70.61784865874039
2025-10-01,67.0685104859854
2025-10-02,65.51281269038483
2025-10-03,66.56733835595269
2025-10-06,69.61040719252443
2025-10-07,62.52737977244533
2025-10-08,68.279920368517
2025-10-09,65.19990756485583
2025-10-10,41.72715911188298
2025-10-13,47.66209989972422
2025-10-14,44.30486407302313
2025-10-15,48.532836585144864
2025-10-16,38.93570904192453
2025-10-17,38.47676778778733
2025-10-20,40.70738168163551
2025-10-21,44.97534844163221
2025-10-22,41.16205827575911
2025-10-23,47.83665612203921
2025-10-24,50.734111459195816
2025-10-27,58.40045966332347
2025-10-28,62.362403554599574
2025-10-29,66.71725985329064
2025-10-30,57.365581290515
2025-10-31,59.159671073604265
2025-11-03,56.95274231609538
2025-11-04,50.586250646575316
2025-11-05,50.17900417571315
2025-11-06,39.00384679525057
2025-11-07,57.377495099249835
2025-11-10,59.06825779650796
2025-11-11,60.62330483917145
2025-11-12,55.57882728420661
2025-11-13,49.41682564508267
2025-11-14,47.573106060964456
2025-11-17,37.12015521276064
2025-11-18,32.211454347883304
2025-11-19,39.35014469555977
2025-11-20,23.36161723247786
2025-11-21,21.347271178244554
2025-11-24,24.664626272080476
2025-11-25,23.22659183272618
2025-11-26,22.20540914553668
2025-11-28,31.62831613310841
2025-12-01,30.528625559214912
2025-12-02,30.736424893154286
2025-12-03,41.38455682839592
2025-12-04,38.43638427204092
2025-12-05,52.08774560163165
2025-12-08,53.905381724081685
2025-12-09,43.20431142304245
2025-12-10,46.46211447687733
2025-12-11,46.04710438960193
2025-12-12,49.03724682831656
2025-12-15,44.10706180198347
2025-12-16,48.86498172624226
2025-12-17,46.408584415024244
2025-12-18,49.744298857608065
2025-12-19,68.86637046890918
2025-12-22,68.43053430857711
2025-12-23,58.50492731657969
2025-12-24,56.733685377715396
2025-12-26,51.849762925876334
2025-12-29,46.38278705637445
2025-12-30,45.2315715268214
2025-12-31,38.67916188594228
2026-01-02,39.193012663423
2026-01-05,39.556359644509094
2026-01-06,40.21850809725986
2026-01-07,40.203746722089285
2026-01-08,37.96461892893564
2026-01-09,41.71381270545244
2026-01-12,44.69125225320238
2026-01-13,51.014695364468224
2026-01-14,49.00703953123682
2026-01-15,50.96998694605953
2026-01-16,61.008095506023345
2026-01-20,44.07497269445774
2026-01-21,42.04605324921923
2026-01-22,43.42475058513105
2026-01-23,41.600754794094314
2026-01-26,43.10012092700642
2026-01-27,48.368616422075725
2026-01-28,52.593133738174636
2026-01-29,49.29402972613089
2026-01-30,47.45404339914724
2026-02-02,50.28991224137006
2026-02-03,41.081979829817236
2026-02-04,30.974036591641575
2026-02-05,21.086162654513046
2026-02-06,32.67647326930949
2026-02-09,32.20038234369946
2026-02-10,27.356426582276015
2026-02-11,28.619752331581676
2026-02-12,21.991820445076154
2026-02-13,18.047346894404757
2026-02-17,17.661452659801277
2026-02-18,32.56373597584706
2026-02-19,25.69830796601919
2026-02-20,26.21193043743934
2026-02-23,18.835127952431584
2026-02-24,21.766135027947577
2026-02-25,23.916066004011245
2026-02-26,16.384668472211565
2026-02-27,13.750363686464901
2026-03-02,23.767153934643098
2026-03-03,16.228827685854903
2026-03-04,29.70647041675471
2026-03-05,36.61709931228215
2026-03-06,39.539642868416514
2026-03-09,34.49614468042418
2026-03-10,31.822536986451748
2026-03-11,37.342300694503095
2026-03-12,30.783446278189768
2026-03-13,38.32754748637002
2026-03-16,44.523776664750066
2026-03-17,45.6184239809948
2026-03-18,36.17485475040085
2026-03-19,37.29427985967552
2026-03-20,26.927166951243752
